0 2
0 3
0 4
0 6
0 7
0 8
0 10
0 12
0 13
0 14
0 15
0 16
0 17
0 18
0 19
0 20
0 22
0 23
0 24
1 2
1 3
1 4
1 6
1 7
1 9
1 10
1 11
1 13
1 14
1 16
1 20
1 21
1 22
1 23
1 24
2 3
2 7
2 8
2 10
2 11
2 12
2 16
2 18
2 20
2 22
2 24
3 4
3 5
3 6
3 7
3 9
3 10
3 11
3 12
3 13
3 14
3 18
3 21
3 23
4 5
4 6
4 7
4 8
4 11
4 12
4 13
4 14
4 15
4 16
4 19
4 20
4 22
4 23
5 6
5 7
5 8
5 9
5 10
5 11
5 12
5 13
5 14
5 19
5 20
5 21
5 22
5 23
5 24
6 7
6 8
6 10
6 11
6 13
6 14
6 15
6 16
6 17
6 18
6 19
6 20
6 21
6 22
6 23
6 24
7 8
7 9
7 10
7 13
7 15
7 16
7 17
7 18
7 19
7 21
7 23
7 24
8 9
8 10
8 11
8 12
8 13
8 14
8 15
8 17
8 18
8 19
8 20
8 21
8 22
8 24
9 10
9 12
9 13
9 14
9 15
9 18
9 20
9 21
9 23
10 11
10 12
10 13
10 15
10 16
10 17
10 18
10 19
10 20
10 22
10 23
10 24
11 13
11 14
11 16
11 17
11 18
11 19
11 21
11 22
11 23
11 24
12 13
12 14
12 16
12 17
12 21
12 22
12 23
12 24
13 15
13 17
13 18
13 19
13 20
13 22
13 24
14 18
14 19
14 20
14 21
14 22
14 24
15 17
15 18
15 19
15 21
15 22
16 17
16 18
16 21
16 23
17 19
17 22
17 23
17 24
18 19
18 20
18 21
18 22
18 23
19 20
19 21
19 22
19 24
20 21
20 24
21 22
21 23
22 23
22 24
23 24
25 27
25 28
25 29
25 30
25 31
25 33
25 34
25 35
25 37
25 39
25 40
25 42
25 43
25 45
26 27
26 28
26 29
26 31
26 33
26 34
26 35
26 36
26 37
26 39
26 41
26 42
26 44
26 45
26 46
26 47
26 49
27 28
27 30
27 32
27 33
27 34
27 35
27 39
27 40
27 41
27 45
27 46
27 48
27 49
28 29
28 30
28 31
28 32
28 33
28 34
28 38
28 39
28 40
28 41
28 42
28 43
28 44
28 45
28 47
29 31
29 32
29 34
29 36
29 37
29 39
29 41
29 42
29 43
29 44
29 45
29 46
29 47
29 48
29 49
30 31
30 32
30 34
30 36
30 37
30 39
30 40
30 41
30 42
30 43
30 44
30 45
30 46
30 47
30 48
30 49
31 32
31 34
31 35
31 36
31 37
31 38
31 40
31 42
31 43
31 44
31 45
31 46
31 47
31 49
32 33
32 34
32 35
32 37
32 39
32 40
32 42
32 43
32 44
32 45
32 47
32 48
33 34
33 35
33 36
33 38
33 39
33 40
33 41
33 46
33 47
33 48
34 39
34 40
34 42
34 43
34 44
34 45
34 46
34 47
35 36
35 37
35 38
35 39
35 40
35 42
35 44
35 46
35 47
35 49
36 37
36 38
36 39
36 40
36 43
36 44
36 45
36 48
36 49
37 38
37 40
37 41
37 42
37 43
37 44
37 45
37 48
37 49
38 39
38 40
38 41
38 42
38 43
38 47
38 48
38 49
39 40
39 41
39 43
39 44
39 45
39 46
39 47
39 48
39 49
40 41
40 42
40 44
40 45
40 46
40 47
40 49
41 42
41 43
41 45
41 46
41 47
41 48
41 49
42 43
42 44
42 48
42 49
43 44
43 45
43 47
43 48
43 49
44 45
44 47
44 49
45 48
45 49
46 47
46 48
46 49
47 48
47 49
48 49
50 52
50 53
50 54
50 55
50 56
50 58
50 60
50 62
50 63
50 65
50 66
50 67
50 68
50 70
50 71
50 72
50 73
51 53
51 55
51 57
51 58
51 59
51 60
51 61
51 63
51 64
51 66
51 68
51 69
51 70
51 71
51 72
51 73
52 53
52 56
52 58
52 60
52 61
52 62
52 63
52 64
52 65
52 66
52 69
52 70
52 72
53 54
53 55
53 56
53 58
53 59
53 62
53 64
53 65
53 67
53 69
53 70
53 74
54 56
54 57
54 59
54 60
54 61
54 65
54 67
54 68
54 69
54 70
54 71
54 72
54 73
54 74
55 56
55 60
55 61
55 62
55 64
55 65
55 66
55 67
55 70
55 72
55 74
56 57
56 58
56 59
56 61
56 62
56 63
56 64
56 65
56 67
56 68
56 69
56 71
56 72
56 73
56 74
57 58
57 59
57 60
57 63
57 64
57 67
57 71
57 72
57 73
58 59
58 60
58 61
58 63
58 64
58 65
58 66
58 67
58 69
58 70
58 71
58 72
58 74
59 60
59 61
59 62
59 64
59 65
59 66
59 67
59 68
59 69
59 71
59 72
59 73
59 74
60 62
60 63
60 64
60 67
60 68
60 69
60 70
60 71
60 72
60 73
60 74
61 63
61 65
61 68
61 69
61 70
61 71
61 72
61 73
61 74
62 63
62 65
62 67
62 68
62 70
62 71
62 72
62 73
62 74
63 66
63 68
63 70
63 71
63 73
63 74
64 65
64 66
64 67
64 68
64 69
64 70
64 72
64 73
65 66
65 67
65 68
65 69
65 70
65 72
65 74
66 68
66 70
66 71
66 72
66 74
67 68
67 69
67 70
67 72
67 73
68 69
68 70
68 72
68 73
69 74
70 72
70 73
70 74
71 72
71 73
71 74
72 73
72 74
73 74
75 76
75 77
75 78
75 79
75 80
75 81
75 82
75 87
75 88
75 89
75 91
75 93
75 95
75 96
75 97
75 98
76 77
76 78
76 80
76 81
76 82
76 83
76 84
76 85
76 86
76 88
76 89
76 93
76 94
76 95
76 97
76 99
77 79
77 80
77 86
77 87
77 90
77 91
77 92
77 93
77 95
77 96
77 98
77 99
78 79
78 80
78 81
78 82
78 83
78 84
78 85
78 86
78 88
78 90
78 91
78 92
78 93
78 95
78 97
78 98
79 80
79 81
79 83
79 84
79 86
79 88
79 90
79 93
79 95
79 96
79 98
80 81
80 82
80 83
80 84
80 85
80 86
80 87
80 88
80 90
80 91
80 94
80 96
80 97
80 98
81 82
81 83
81 85
81 87
81 88
81 89
81 91
81 92
81 95
81 96
81 97
81 98
81 99
82 83
82 84
82 85
82 86
82 88
82 90
82 91
82 92
82 94
82 95
82 96
82 99
83 86
83 87
83 88
83 90
83 91
83 92
83 93
83 94
83 95
83 96
83 97
83 98
83 99
84 85
84 86
84 87
84 88
84 89
84 90
84 91
84 93
84 94
84 95
84 96
84 97
84 98
84 99
85 87
85 88
85 89
85 90
85 93
85 95
85 96
85 98
85 99
86 88
86 89
86 90
86 91
86 93
86 94
86 95
86 96
86 97
86 98
86 99
87 88
87 90
87 91
87 92
87 93
87 95
87 96
87 98
87 99
88 89
88 91
88 92
88 94
88 95
88 96
88 98
88 99
89 90
89 91
89 94
89 95
89 97
89 98
90 92
90 93
90 95
90 96
90 97
91 94
91 95
91 97
91 98
91 99
92 93
92 94
92 95
92 96
92 98
92 99
93 94
93 95
93 97
93 98
93 99
94 96
94 97
94 98
94 99
95 96
95 98
95 99
96 98
97 99
98 99
100 101
100 103
100 104
100 105
100 107
100 109
100 110
100 113
100 114
100 115
100 117
100 118
100 119
100 121
100 122
100 123
100 124
101 104
101 110
101 111
101 113
101 114
101 115
101 116
101 117
101 120
101 121
101 124
102 103
102 104
102 105
102 107
102 108
102 109
102 110
102 111
102 113
102 114
102 116
102 117
102 119
102 121
102 122
102 124
103 104
103 105
103 106
103 107
103 110
103 111
103 112
103 114
103 115
103 116
103 117
103 120
103 121
103 122
103 123
103 124
104 106
104 108
104 109
104 110
104 112
104 115
104 116
104 117
104 118
104 120
104 121
104 124
105 110
105 111
105 112
105 113
105 115
105 117
105 118
105 119
105 120
105 121
105 122
105 124
106 108
106 109
106 110
106 112
106 113
106 114
106 116
106 119
106 120
106 124
107 109
107 110
107 111
107 112
107 113
107 114
107 115
107 116
107 118
107 119
107 121
107 122
107 124
108 109
108 110
108 111
108 113
108 114
108 115
108 116
108 117
108 118
108 121
109 110
109 111
109 116
109 117
109 119
109 120
109 121
109 122
109 123
109 124
110 111
110 113
110 115
110 116
110 120
110 121
110 122
110 123
110 124
111 112
111 113
111 114
111 117
111 118
111 119
111 120
111 121
111 123
111 124
112 114
112 116
112 117
112 119
112 120
112 121
112 122
112 123
112 124
113 114
113 115
113 116
113 117
113 118
113 119
113 120
113 122
113 123
113 124
114 115
114 118
114 120
114 121
114 122
114 124
115 118
115 119
115 120
115 121
116 117
116 118
116 119
116 121
116 122
116 123
116 124
117 118
117 119
117 120
117 121
117 122
117 123
117 124
118 120
118 122
118 124
119 123
119 124
120 121
120 122
120 123
120 124
121 122
121 123
121 124
122 123
122 124
125 127
125 128
125 129
125 130
125 132
125 133
125 134
125 139
125 141
125 142
125 143
125 145
125 146
125 147
125 148
125 149
126 127
126 128
126 130
126 132
126 133
126 135
126 136
126 137
126 138
126 141
126 143
126 144
126 145
126 146
126 149
127 128
127 131
127 132
127 133
127 134
127 135
127 136
127 138
127 139
127 140
127 141
127 143
127 145
127 146
127 147
127 148
127 149
128 129
128 130
128 131
128 132
128 133
128 135
128 136
128 137
128 138
128 141
128 143
128 144
128 145
128 148
128 149
129 130
129 131
129 132
129 133
129 134
129 135
129 136
129 137
129 138
129 139
129 140
129 141
129 142
129 143
129 145
129 146
129 148
129 149
130 131
130 133
130 134
130 135
130 136
130 138
130 140
130 143
130 144
130 145
130 148
130 149
131 132
131 133
131 134
131 135
131 137
131 138
131 139
131 140
131 143
131 144
131 145
131 146
131 147
131 149
132 135
132 139
132 141
132 142
132 144
132 145
132 146
132 149
133 135
133 136
133 137
133 139
133 141
133 142
133 145
133 146
133 147
133 149
134 136
134 139
134 140
134 143
134 145
134 146
134 147
134 149
135 137
135 139
135 140
135 141
135 146
135 147
135 148
135 149
136 137
136 139
136 142
136 144
136 145
136 146
136 148
136 149
137 139
137 140
137 143
137 144
137 145
137 147
137 149
138 139
138 141
138 143
138 145
138 146
138 147
138 148
138 149
139 141
139 142
139 143
139 144
139 145
139 146
139 148
140 141
140 142
140 143
140 144
140 146
140 147
140 148
140 149
141 144
141 145
141 149
142 143
142 144
142 145
142 146
142 147
142 148
142 149
143 144
143 145
143 149
144 145
144 148
144 149
145 146
145 148
146 148
147 148
148 149
150 151
150 152
150 154
150 155
150 156
150 157
150 158
150 159
150 160
150 161
150 162
150 164
150 165
150 166
150 169
150 170
150 171
150 172
150 173
151 152
151 153
151 154
151 156
151 158
151 159
151 160
151 163
151 166
151 167
151 169
151 170
151 171
151 173
151 174
152 154
152 155
152 157
152 158
152 159
152 160
152 163
152 165
152 166
152 167
152 168
152 170
152 171
152 174
153 154
153 155
153 157
153 158
153 160
153 161
153 162
153 163
153 164
153 166
153 167
153 168
153 170
153 171
153 173
153 174
154 155
154 156
154 157
154 158
154 160
154 162
154 163
154 167
154 168
154 169
154 170
154 171
154 172
154 173
154 174
155 156
155 158
155 159
155 160
155 161
155 162
155 163
155 164
155 166
155 167
155 168
155 169
155 170
155 171
155 172
155 173
155 174
156 157
156 158
156 160
156 161
156 162
156 163
156 164
156 165
156 166
156 167
156 168
156 170
156 172
156 173
157 159
157 160
157 161
157 162
157 165
157 166
157 167
157 168
157 169
157 170
157 174
158 159
158 160
158 161
158 162
158 163
158 164
158 166
158 167
158 168
158 170
158 171
158 172
158 173
158 174
159 161
159 162
159 163
159 165
159 167
159 168
159 169
159 170
159 171
159 173
159 174
160 161
160 162
160 166
160 167
160 168
160 169
160 170
160 172
160 173
160 174
161 164
161 165
161 166
161 168
161 169
161 171
161 173
162 163
162 164
162 165
162 166
162 167
162 168
162 169
162 172
162 173
162 174
163 164
163 166
163 167
163 168
163 170
163 171
163 172
163 173
163 174
164 165
164 166
164 169
164 171
164 172
164 173
164 174
165 166
165 167
165 168
165 169
165 170
165 171
165 174
166 169
166 172
166 174
167 168
167 169
167 170
167 171
167 172
167 173
168 169
168 170
168 171
168 172
168 174
169 170
169 171
169 172
169 174
170 171
170 172
170 174
171 172
171 173
171 174
172 173
172 174
173 174
175 178
175 179
175 180
175 184
175 185
175 188
175 189
175 190
175 191
175 193
175 195
175 196
175 197
175 199
176 177
176 178
176 180
176 181
176 182
176 184
176 185
176 186
176 187
176 188
176 189
176 191
176 192
176 193
176 194
176 196
176 198
177 178
177 180
177 181
177 182
177 183
177 185
177 186
177 187
177 188
177 189
177 190
177 192
177 193
177 194
177 195
177 197
177 198
177 199
178 180
178 181
178 182
178 183
178 184
178 185
178 187
178 188
178 189
178 190
178 192
178 194
178 197
178 198
178 199
179 180
179 181
179 182
179 183
179 184
179 185
179 190
179 191
179 192
179 193
179 194
179 195
179 197
179 198
179 199
180 181
180 182
180 185
180 189
180 190
180 191
180 192
180 193
180 194
180 195
180 196
180 197
180 198
181 184
181 186
181 187
181 188
181 190
181 192
181 193
181 194
181 196
181 197
181 199
182 183
182 184
182 187
182 188
182 189
182 190
182 191
182 193
182 194
182 196
182 197
182 198
182 199
183 185
183 187
183 188
183 189
183 190
183 192
183 193
183 194
183 195
183 197
183 198
183 199
184 185
184 186
184 187
184 188
184 189
184 191
184 192
184 194
184 195
184 196
184 197
184 198
184 199
185 186
185 187
185 188
185 189
185 191
185 192
185 193
185 194
185 195
185 196
185 198
185 199
186 190
186 191
186 192
186 193
186 194
186 195
186 196
186 198
186 199
187 188
187 189
187 190
187 191
187 192
187 195
187 196
187 197
187 199
188 190
188 192
188 194
188 199
189 191
189 192
189 193
189 194
189 195
189 196
189 197
189 199
190 191
190 192
190 194
190 196
190 197
190 198
190 199
191 192
191 193
191 194
191 196
191 197
191 198
192 193
192 194
192 195
192 196
192 199
193 197
193 199
194 196
194 197
194 198
194 199
195 196
195 198
196 197
196 198
197 199
198 199
200 201
200 202
200 204
200 205
200 206
200 207
200 208
200 209
200 211
200 212
200 213
200 214
200 215
200 216
200 217
200 219
200 221
200 222
200 224
201 202
201 204
201 205
201 206
201 207
201 208
201 209
201 211
201 213
201 215
201 216
201 217
201 219
201 220
201 223
202 203
202 205
202 206
202 207
202 210
202 211
202 212
202 215
202 216
202 217
202 218
202 220
202 221
202 222
202 223
202 224
203 206
203 209
203 210
203 211
203 212
203 213
203 216
203 218
203 219
203 221
203 222
203 223
204 205
204 208
204 209
204 212
204 213
204 214
204 216
204 217
204 218
204 219
204 220
204 222
204 224
205 206
205 208
205 209
205 210
205 211
205 215
205 216
205 218
205 219
205 222
206 207
206 209
206 211
206 212
206 213
206 216
206 217
206 218
206 220
206 221
206 222
206 223
207 208
207 209
207 210
207 211
207 212
207 213
207 216
207 217
207 218
207 219
207 220
207 223
207 224
208 209
208 210
208 211
208 212
208 213
208 214
208 215
208 216
208 217
208 218
208 220
208 221
208 222
208 223
209 210
209 213
209 215
209 216
209 217
209 219
209 220
209 221
209 222
209 224
210 212
210 213
210 215
210 218
210 220
210 221
210 222
210 224
211 212
211 213
211 214
211 216
211 217
211 218
211 219
211 220
211 221
211 222
211 223
212 213
212 214
212 215
212 216
212 217
212 219
212 220
212 221
212 222
213 214
213 215
213 216
213 217
213 218
213 219
213 220
213 221
213 222
213 223
214 216
214 217
214 218
214 219
214 220
214 221
214 223
214 224
215 216
215 217
215 218
215 219
215 220
215 224
216 217
216 218
216 219
216 220
216 221
216 223
217 219
217 220
217 222
217 223
217 224
218 219
218 221
218 223
218 224
219 223
219 224
220 221
220 224
221 222
221 223
222 223
225 227
225 231
225 232
225 233
225 234
225 236
225 237
225 239
225 240
225 241
225 242
225 243
225 244
225 245
225 246
225 249
226 229
226 230
226 233
226 236
226 237
226 238
226 239
226 243
226 244
226 245
226 246
226 247
226 248
226 249
227 228
227 229
227 230
227 232
227 234
227 235
227 236
227 237
227 238
227 239
227 241
227 242
227 243
227 244
227 245
227 248
227 249
228 230
228 231
228 232
228 233
228 234
228 235
228 237
228 238
228 242
228 246
228 248
228 249
229 230
229 231
229 232
229 233
229 234
229 235
229 236
229 238
229 241
229 244
229 245
229 246
229 247
229 248
229 249
230 232
230 233
230 234
230 236
230 237
230 238
230 239
230 240
230 242
230 244
230 245
230 246
230 247
230 248
230 249
231 233
231 234
231 235
231 236
231 237
231 238
231 242
231 243
231 244
231 247
231 248
231 249
232 233
232 234
232 235
232 237
232 238
232 239
232 241
232 242
232 243
232 244
232 246
232 247
232 248
232 249
233 234
233 235
233 236
233 237
233 238
233 240
233 241
233 243
233 244
233 245
233 246
233 247
233 248
233 249
234 235
234 237
234 241
234 242
234 243
234 247
234 248
235 237
235 239
235 241
235 243
235 244
235 245
235 246
235 247
235 248
235 249
236 237
236 239
236 240
236 241
236 242
236 244
236 245
236 246
236 248
236 249
237 238
237 239
237 242
237 243
237 245
237 246
237 247
237 248
238 244
238 245
238 246
238 247
238 248
238 249
239 241
239 243
239 244
239 245
239 247
239 248
240 241
240 245
240 247
240 248
240 249
241 243
241 246
241 248
242 244
242 245
242 246
242 247
242 248
242 249
243 245
243 246
243 248
243 249
244 245
244 246
244 247
244 248
244 249
245 246
245 248
245 249
246 247
250 251
250 252
250 253
250 254
250 257
250 259
250 261
250 263
250 264
250 265
250 266
250 267
250 268
250 269
250 271
250 272
250 273
250 274
251 252
251 253
251 255
251 257
251 258
251 259
251 260
251 261
251 262
251 264
251 265
251 266
251 267
251 268
251 269
251 270
251 271
251 272
251 274
252 254
252 255
252 256
252 257
252 258
252 260
252 261
252 262
252 263
252 264
252 265
252 267
252 268
252 270
252 271
252 272
252 274
253 254
253 255
253 256
253 257
253 258
253 259
253 261
253 263
253 264
253 265
253 266
253 268
253 269
253 271
253 273
254 255
254 256
254 257
254 261
254 262
254 263
254 264
254 265
254 266
254 267
254 268
254 269
254 270
254 271
254 272
254 273
255 256
255 257
255 259
255 260
255 261
255 263
255 264
255 265
255 267
255 270
255 271
255 273
255 274
256 257
256 258
256 261
256 263
256 264
256 265
256 266
256 267
256 268
256 270
256 274
257 258
257 259
257 260
257 263
257 264
257 265
257 266
257 267
257 270
257 271
257 272
257 273
257 274
258 260
258 261
258 262
258 263
258 264
258 265
258 267
258 269
258 271
258 272
258 273
259 260
259 261
259 262
259 264
259 265
259 266
259 269
259 270
259 271
259 272
259 273
259 274
260 261
260 264
260 265
260 266
260 268
260 269
260 270
260 272
261 262
261 263
261 265
261 267
261 270
261 271
261 272
261 273
261 274
262 263
262 264
262 265
262 267
262 268
262 270
262 272
262 273
262 274
263 264
263 265
263 266
263 267
263 269
263 271
263 272
263 273
263 274
264 265
264 269
265 266
265 268
265 269
265 271
265 272
265 273
265 274
266 267
266 272
266 274
267 268
267 270
267 272
267 274
268 269
268 270
268 271
268 272
268 273
268 274
269 270
269 271
269 273
269 274
270 271
270 272
270 273
270 274
271 272
271 273
272 273
272 274
273 274
275 276
275 277
275 279
275 281
275 282
275 283
275 285
275 286
275 287
275 288
275 289
275 290
275 292
275 293
275 294
275 295
275 296
275 297
275 298
276 277
276 280
276 281
276 282
276 283
276 284
276 286
276 287
276 288
276 290
276 291
276 293
276 294
276 295
276 296
276 297
276 298
277 278
277 279
277 280
277 282
277 283
277 285
277 286
277 287
277 289
277 290
277 291
277 293
277 295
277 297
277 298
278 280
278 281
278 282
278 283
278 284
278 286
278 289
278 290
278 291
278 292
278 293
278 295
278 296
278 297
278 298
278 299
279 280
279 281
279 282
279 284
279 285
279 286
279 287
279 288
279 289
279 293
279 294
279 295
279 296
279 298
280 281
280 283
280 284
280 285
280 286
280 287
280 288
280 291
280 292
280 293
280 296
280 297
280 298
280 299
281 283
281 284
281 286
281 288
281 290
281 292
281 293
281 294
281 295
281 296
281 297
282 283
282 284
282 285
282 286
282 287
282 288
282 290
282 291
282 292
282 294
283 284
283 285
283 286
283 287
283 290
283 291
283 292
283 293
283 294
283 295
283 296
283 297
283 298
283 299
284 286
284 287
284 289
284 290
284 291
284 292
284 294
284 295
284 296
284 297
284 299
285 286
285 287
285 289
285 290
285 292
285 294
285 296
285 297
285 298
286 287
286 288
286 289
286 291
286 293
286 295
286 296
286 297
286 298
286 299
287 292
287 293
287 294
287 295
287 296
287 297
287 299
288 290
288 291
288 292
288 293
288 295
288 296
288 297
288 299
289 290
289 291
289 294
289 295
289 296
289 297
289 299
290 291
290 292
290 296
290 297
290 299
291 292
291 295
291 296
291 298
292 294
292 295
292 296
292 299
293 294
293 295
293 297
293 298
294 296
294 298
294 299
295 296
295 297
295 298
296 298
297 298
298 299
300 301
300 302
300 304
300 305
300 308
300 309
300 310
300 311
300 313
300 314
300 315
300 316
300 317
300 318
300 319
300 320
300 321
300 322
301 302
301 303
301 304
301 307
301 308
301 309
301 310
301 312
301 313
301 314
301 315
301 316
301 317
301 318
301 319
301 320
301 321
301 322
301 323
302 304
302 306
302 307
302 309
302 310
302 311
302 312
302 313
302 314
302 315
302 316
302 317
302 319
302 321
302 322
302 323
302 324
303 304
303 305
303 306
303 307
303 308
303 309
303 310
303 311
303 312
303 313
303 314
303 315
303 316
303 317
303 318
303 319
303 320
303 321
303 323
304 307
304 308
304 309
304 310
304 311
304 314
304 317
304 319
304 320
304 321
304 322
304 323
305 306
305 307
305 309
305 310
305 311
305 312
305 313
305 315
305 316
305 317
305 322
306 307
306 308
306 310
306 311
306 312
306 313
306 316
306 318
306 320
306 321
306 323
306 324
307 308
307 309
307 312
307 313
307 314
307 315
307 319
307 321
307 322
307 324
308 309
308 310
308 311
308 312
308 314
308 316
308 317
308 318
308 319
308 320
308 321
308 323
309 310
309 311
309 312
309 313
309 314
309 315
309 316
309 317
309 318
309 319
309 321
309 322
310 311
310 312
310 317
310 319
310 321
310 322
310 324
311 313
311 314
311 315
311 317
311 318
311 323
311 324
312 315
312 316
312 317
312 319
312 322
313 314
313 315
313 316
313 317
313 318
313 321
313 324
314 315
314 317
314 318
314 319
314 320
314 321
314 322
314 323
314 324
315 316
315 317
315 318
315 319
315 320
315 321
315 322
315 323
315 324
316 317
316 318
316 319
316 320
316 321
316 322
316 323
316 324
317 320
317 322
318 319
318 321
318 322
318 323
319 321
319 322
319 323
319 324
320 321
320 322
320 323
321 322
321 323
321 324
323 324
325 326
325 327
325 328
325 331
325 333
325 334
325 335
325 336
325 337
325 338
325 339
325 341
325 342
325 347
325 349
326 327
326 328
326 329
326 332
326 333
326 336
326 338
326 339
326 340
326 341
326 344
326 345
326 347
326 349
327 328
327 329
327 330
327 333
327 334
327 335
327 337
327 339
327 340
327 341
327 342
327 343
327 344
327 345
327 346
327 347
327 349
328 332
328 333
328 334
328 336
328 338
328 340
328 341
328 342
328 343
328 345
328 346
328 347
329 331
329 332
329 333
329 336
329 337
329 338
329 340
329 341
329 342
329 344
329 345
329 346
329 348
329 349
330 331
330 333
330 334
330 336
330 337
330 338
330 339
330 341
330 342
330 344
330 346
330 347
330 348
331 332
331 333
331 334
331 338
331 339
331 341
331 342
331 344
331 345
331 347
331 349
332 334
332 336
332 337
332 339
332 340
332 341
332 342
332 343
332 347
332 348
332 349
333 334
333 336
333 337
333 339
333 340
333 341
333 344
333 345
333 346
333 347
333 349
334 335
334 336
334 337
334 339
334 340
334 342
334 343
334 345
334 346
334 347
334 348
334 349
335 337
335 339
335 341
335 342
335 343
335 344
335 345
335 346
335 347
335 349
336 338
336 339
336 341
336 342
336 343
336 344
336 345
336 346
336 347
336 348
336 349
337 339
337 340
337 341
337 343
337 345
337 346
337 347
337 348
337 349
338 341
338 342
338 344
338 345
338 346
338 347
338 348
338 349
339 340
339 342
339 343
339 344
339 346
339 347
339 348
339 349
340 341
340 342
340 343
340 344
340 345
340 346
340 347
340 349
341 342
341 343
341 345
341 347
341 349
342 343
342 344
342 345
342 346
342 347
342 348
342 349
343 345
343 347
343 348
344 345
344 347
344 348
344 349
345 347
345 349
346 349
347 349
348 349
350 351
350 352
350 353
350 355
350 356
350 357
350 358
350 359
350 361
350 363
350 364
350 365
350 368
350 369
350 370
350 371
350 372
350 374
351 353
351 354
351 356
351 358
351 359
351 360
351 361
351 362
351 363
351 367
351 368
351 371
351 372
351 373
351 374
352 353
352 355
352 357
352 360
352 363
352 367
352 368
352 369
352 370
352 371
352 373
352 374
353 354
353 355
353 356
353 359
353 360
353 361
353 362
353 363
353 365
353 368
353 369
353 370
353 371
353 373
354 355
354 356
354 357
354 358
354 359
354 360
354 361
354 362
354 363
354 365
354 366
354 368
354 369
354 370
354 371
354 373
355 356
355 357
355 358
355 360
355 361
355 364
355 366
355 367
355 368
355 369
355 370
355 373
356 357
356 358
356 360
356 361
356 362
356 363
356 364
356 365
356 366
356 369
356 372
356 373
357 359
357 363
357 364
357 365
357 366
357 367
357 368
357 370
357 371
357 373
357 374
358 359
358 360
358 361
358 363
358 364
358 365
358 367
358 369
358 370
358 372
358 373
358 374
359 360
359 362
359 363
359 366
359 368
359 369
359 370
359 371
359 372
359 374
360 362
360 363
360 364
360 365
360 367
360 368
360 370
360 372
360 373
360 374
361 362
361 363
361 364
361 365
361 366
361 367
361 368
361 370
361 371
361 372
361 373
361 374
362 364
362 365
362 366
362 367
362 369
362 370
362 371
362 372
362 374
363 364
363 365
363 366
363 367
363 368
363 369
363 370
363 372
363 374
364 365
364 366
364 369
364 370
364 371
364 372
365 366
365 367
365 368
365 369
365 371
365 372
365 374
366 367
366 369
366 370
366 371
366 372
366 373
366 374
367 368
367 369
367 371
367 372
367 373
367 374
368 369
368 370
368 371
368 373
368 374
369 370
369 371
369 372
369 374
370 371
370 372
370 374
371 374
372 373
375 376
375 377
375 378
375 379
375 380
375 383
375 384
375 386
375 387
375 388
375 389
375 391
375 392
375 393
375 394
375 395
375 396
375 397
375 398
375 399
376 377
376 381
376 382
376 384
376 385
376 386
376 387
376 388
376 389
376 394
376 396
376 397
376 398
376 399
377 378
377 379
377 380
377 381
377 383
377 384
377 385
377 386
377 387
377 389
377 391
377 393
377 394
377 395
377 396
377 398
377 399
378 379
378 380
378 381
378 382
378 383
378 384
378 385
378 386
378 387
378 388
378 389
378 390
378 391
378 392
378 393
378 394
378 395
378 397
378 399
379 380
379 381
379 382
379 386
379 388
379 390
379 391
379 392
379 396
379 397
379 399
380 381
380 382
380 383
380 384
380 385
380 386
380 387
380 389
380 390
380 391
380 392
380 393
380 396
380 398
380 399
381 382
381 383
381 384
381 385
381 387
381 388
381 389
381 391
381 393
381 396
381 397
381 399
382 383
382 384
382 385
382 386
382 387
382 389
382 390
382 391
382 392
382 394
382 395
382 396
382 397
382 398
382 399
383 384
383 386
383 387
383 388
383 389
383 390
383 391
383 393
383 394
383 395
383 396
383 397
383 399
384 385
384 389
384 390
384 391
384 392
384 393
384 395
384 398
385 386
385 387
385 388
385 389
385 390
385 391
385 394
385 395
385 397
385 398
385 399
386 387
386 390
386 391
386 392
386 394
386 396
386 397
386 398
386 399
387 389
387 390
387 391
387 392
387 393
387 394
387 395
387 396
387 397
387 398
387 399
388 389
388 390
388 391
388 393
388 394
388 395
388 399
389 390
389 391
389 392
389 394
389 395
389 397
389 399
390 391
390 392
390 394
390 395
391 392
391 393
391 397
391 399
392 393
392 394
392 396
392 397
392 398
393 394
393 396
393 399
394 395
394 396
394 398
394 399
395 397
395 398
395 399
396 397
396 398
396 399
397 398
397 399
398 399
400 401
400 402
400 403
400 404
400 405
400 406
400 410
400 411
400 412
400 413
400 414
400 415
400 416
400 417
400 418
400 420
400 421
400 422
400 423
400 424
401 403
401 404
401 409
401 410
401 413
401 414
401 417
401 419
401 422
401 423
401 424
402 404
402 405
402 406
402 407
402 408
402 409
402 411
402 414
402 415
402 416
402 418
402 419
402 420
402 421
402 422
402 424
403 404
403 405
403 406
403 407
403 408
403 410
403 411
403 412
403 413
403 414
403 415
403 416
403 419
403 422
403 423
403 424
404 405
404 406
404 407
404 408
404 409
404 410
404 411
404 412
404 413
404 414
404 415
404 417
404 418
404 420
404 423
404 424
405 406
405 409
405 410
405 411
405 412
405 413
405 414
405 415
405 416
405 417
405 418
405 419
405 420
405 422
405 423
406 407
406 408
406 409
406 411
406 413
406 415
406 417
406 419
406 420
406 422
406 423
406 424
407 411
407 413
407 414
407 415
407 416
407 417
407 418
407 419
407 420
407 421
407 422
407 423
407 424
408 411
408 412
408 414
408 416
408 417
408 418
408 420
408 421
408 422
408 424
409 410
409 411
409 413
409 414
409 415
409 416
409 417
409 418
409 419
409 420
409 421
409 422
409 423
409 424
410 413
410 414
410 415
410 416
410 417
410 418
410 420
410 422
410 423
410 424
411 412
411 413
411 417
411 418
411 419
411 420
411 422
411 423
411 424
412 413
412 414
412 415
412 416
412 417
412 418
412 419
412 420
412 422
412 423
413 414
413 415
413 416
413 417
413 418
413 419
413 421
413 422
413 423
414 415
414 416
414 418
414 419
414 420
414 421
414 422
414 423
415 416
415 418
415 419
415 420
416 417
416 418
416 420
416 423
416 424
417 419
417 421
417 422
417 423
418 420
418 421
418 422
418 423
419 420
419 421
419 424
420 421
420 422
420 424
421 422
421 423
421 424
422 423
423 424
425 427
425 429
425 431
425 432
425 433
425 434
425 437
425 438
425 439
425 441
425 444
425 446
425 447
425 448
425 449
426 427
426 428
426 429
426 431
426 432
426 434
426 436
426 437
426 438
426 441
426 442
426 443
426 444
426 445
426 446
426 447
426 449
427 429
427 430
427 432
427 433
427 435
427 437
427 438
427 439
427 440
427 441
427 442
427 444
427 445
427 447
427 449
428 430
428 431
428 433
428 434
428 435
428 436
428 437
428 439
428 440
428 441
428 442
428 444
428 446
428 447
428 448
428 449
429 430
429 432
429 433
429 435
429 436
429 437
429 438
429 439
429 440
429 441
429 442
429 443
429 447
429 449
430 433
430 436
430 437
430 438
430 439
430 442
430 443
430 444
430 445
430 446
430 447
430 448
430 449
431 432
431 433
431 434
431 436
431 438
431 440
431 441
431 442
431 443
431 444
431 446
431 447
432 433
432 434
432 435
432 436
432 437
432 438
432 439
432 440
432 441
432 443
432 444
432 445
432 448
432 449
433 434
433 436
433 437
433 438
433 441
433 442
433 445
433 447
433 448
433 449
434 435
434 436
434 437
434 438
434 439
434 440
434 441
434 442
434 444
434 445
434 446
434 447
434 449
435 436
435 438
435 440
435 442
435 443
435 444
435 447
435 448
435 449
436 437
436 438
436 440
436 441
436 442
436 443
436 444
436 446
436 447
437 438
437 439
437 440
437 441
437 442
437 443
437 445
437 447
438 440
438 441
438 442
438 443
438 444
438 445
438 447
439 440
439 442
439 443
439 444
439 445
439 446
439 447
439 448
439 449
440 441
440 443
440 444
440 445
440 446
440 447
440 449
441 442
441 443
441 444
441 445
441 448
442 443
442 444
442 445
442 446
442 448
443 447
443 448
443 449
444 445
444 446
444 447
444 448
444 449
445 446
445 447
445 449
446 448
447 448
447 449
448 449
450 451
450 453
450 454
450 455
450 456
450 457
450 458
450 459
450 460
450 461
450 463
450 465
450 466
450 467
450 468
450 469
450 472
450 473
450 474
451 452
451 453
451 456
451 457
451 458
451 459
451 463
451 464
451 465
451 468
451 469
451 470
451 471
451 472
451 473
452 453
452 454
452 457
452 458
452 459
452 460
452 461
452 462
452 463
452 464
452 465
452 467
452 468
452 469
452 470
452 471
452 472
452 474
453 454
453 457
453 458
453 459
453 460
453 462
453 463
453 464
453 465
453 467
453 468
453 471
453 472
453 473
453 474
454 456
454 457
454 458
454 462
454 463
454 464
454 466
454 468
454 470
454 471
454 473
454 474
455 456
455 457
455 458
455 460
455 461
455 462
455 463
455 464
455 465
455 466
455 467
455 468
455 469
455 471
455 472
455 473
455 474
456 457
456 459
456 461
456 462
456 463
456 466
456 468
456 469
456 470
456 471
456 473
457 458
457 459
457 461
457 463
457 464
457 465
457 466
457 467
457 468
457 470
457 471
457 472
457 474
458 460
458 461
458 462
458 463
458 466
458 467
458 469
458 471
458 474
459 463
459 465
459 466
459 467
459 468
459 470
459 471
459 472
459 473
459 474
460 461
460 462
460 463
460 464
460 467
460 468
460 469
460 471
460 472
460 474
461 462
461 463
461 465
461 466
461 468
461 469
461 471
461 472
461 474
462 464
462 468
462 469
462 470
462 472
463 464
463 465
463 466
463 469
463 470
463 471
463 472
463 473
464 465
464 466
464 467
464 469
464 470
464 471
464 472
464 473
465 468
465 469
465 470
465 474
466 467
466 468
466 469
466 470
466 473
466 474
467 468
467 469
467 470
467 471
467 472
467 473
467 474
468 469
468 470
468 471
468 472
468 474
469 470
469 471
469 472
469 473
470 471
470 472
470 473
471 474
472 474
473 474
475 476
475 477
475 480
475 482
475 483
475 484
475 485
475 486
475 487
475 488
475 489
475 490
475 493
475 497
475 499
476 478
476 479
476 480
476 482
476 483
476 486
476 489
476 490
476 491
476 493
476 494
476 496
476 498
476 499
477 478
477 479
477 480
477 481
477 482
477 484
477 485
477 487
477 488
477 489
477 490
477 491
477 492
477 493
477 494
477 496
477 498
477 499
478 480
478 481
478 482
478 485
478 486
478 487
478 488
478 489
478 490
478 493
478 494
478 496
478 497
478 498
478 499
479 480
479 482
479 483
479 486
479 487
479 488
479 490
479 493
479 494
479 495
479 496
479 498
479 499
480 483
480 485
480 486
480 487
480 489
480 490
480 491
480 492
480 494
480 495
480 496
480 497
480 498
480 499
481 482
481 483
481 484
481 486
481 487
481 488
481 489
481 490
481 491
481 492
481 493
481 494
481 495
481 497
481 499
482 484
482 487
482 488
482 489
482 491
482 492
482 493
482 494
482 495
482 496
482 497
482 499
483 484
483 486
483 487
483 488
483 489
483 491
483 492
483 493
483 494
483 495
483 496
483 497
484 487
484 489
484 490
484 491
484 493
484 494
484 496
484 497
484 498
484 499
485 487
485 488
485 489
485 490
485 491
485 492
485 493
485 494
485 497
485 499
486 487
486 488
486 490
486 491
486 492
486 495
486 497
487 491
487 492
487 494
487 495
487 496
487 497
487 498
487 499
488 489
488 490
488 491
488 492
488 495
488 496
488 497
488 499
489 492
489 494
489 495
489 496
489 497
489 499
490 492
490 493
490 494
490 495
490 498
490 499
491 492
491 494
491 495
491 496
491 497
491 498
491 499
492 494
492 495
492 496
492 498
492 499
493 494
493 496
493 497
493 499
494 495
494 497
494 499
495 496
495 498
495 499
496 497
496 498
497 499
498 499
500 501
500 502
500 503
500 504
500 505
500 506
500 507
500 508
500 509
500 510
500 511
500 512
500 513
500 514
500 515
500 517
500 519
500 520
500 521
500 522
500 523
500 524
501 502
501 504
501 505
501 506
501 507
501 509
501 511
501 512
501 513
501 514
501 515
501 520
501 521
501 522
501 523
501 524
502 503
502 504
502 505
502 507
502 509
502 510
502 511
502 512
502 514
502 515
502 516
502 517
502 518
502 519
502 521
502 522
502 523
502 524
503 504
503 505
503 506
503 508
503 509
503 510
503 511
503 512
503 514
503 516
503 517
503 518
503 519
503 521
503 523
504 505
504 506
504 507
504 508
504 509
504 511
504 512
504 513
504 514
504 515
504 516
504 520
504 522
504 523
504 524
505 506
505 507
505 509
505 510
505 511
505 513
505 514
505 516
505 517
505 518
505 519
505 520
505 521
505 523
505 524
506 507
506 509
506 511
506 512
506 515
506 516
506 518
506 521
506 524
507 508
507 509
507 510
507 512
507 513
507 514
507 515
507 516
507 518
507 519
507 523
508 509
508 510
508 511
508 515
508 517
508 518
508 519
508 520
508 521
508 522
508 523
508 524
509 512
509 513
509 514
509 515
509 516
509 517
509 519
509 521
509 522
509 523
509 524
510 511
510 512
510 513
510 515
510 516
510 517
510 518
510 519
510 521
510 522
510 524
511 512
511 513
511 514
511 515
511 516
511 517
511 518
511 521
511 522
512 513
512 514
512 515
512 517
512 518
512 520
512 523
513 514
513 516
513 518
513 520
513 521
513 522
513 523
513 524
514 515
514 516
514 517
514 518
514 521
514 522
515 516
515 517
515 520
515 521
515 523
516 517
516 518
516 521
516 522
516 523
516 524
517 519
517 520
517 523
517 524
518 520
518 521
518 522
518 523
518 524
519 521
519 523
519 524
520 521
520 523
520 524
521 523
522 523
523 524
525 526
525 527
525 529
525 531
525 532
525 534
525 535
525 536
525 538
525 539
525 541
525 542
525 543
525 545
525 546
525 547
525 548
525 549
526 527
526 528
526 529
526 531
526 532
526 533
526 534
526 536
526 537
526 540
526 542
526 543
526 546
526 547
526 548
526 549
527 529
527 531
527 532
527 533
527 534
527 535
527 536
527 538
527 539
527 540
527 541
527 546
527 547
527 548
527 549
528 529
528 531
528 532
528 533
528 535
528 538
528 540
528 541
528 542
528 543
528 544
528 545
528 546
528 548
528 549
529 531
529 533
529 535
529 537
529 538
529 539
529 540
529 543
529 545
529 547
529 548
529 549
530 532
530 534
530 535
530 536
530 537
530 539
530 540
530 543
530 545
530 546
530 547
530 548
531 532
531 533
531 535
531 536
531 539
531 540
531 541
531 542
531 543
531 545
531 547
531 549
532 533
532 534
532 536
532 537
532 538
532 540
532 541
532 542
532 544
532 545
532 546
532 547
532 548
533 534
533 535
533 536
533 540
533 541
533 542
533 543
533 544
533 545
533 546
533 547
533 548
533 549
534 535
534 539
534 540
534 541
534 542
534 544
534 545
534 546
534 547
534 548
535 536
535 538
535 541
535 543
535 547
535 548
535 549
536 537
536 539
536 540
536 541
536 542
536 543
536 545
536 546
536 547
536 548
536 549
537 538
537 539
537 540
537 541
537 546
537 547
537 549
538 539
538 541
538 542
538 543
538 544
538 549
539 541
539 544
539 545
539 547
540 541
540 542
540 543
540 545
540 546
540 547
540 548
540 549
541 544
541 545
541 547
541 548
542 544
542 545
542 546
542 547
542 548
543 544
543 546
543 547
543 548
544 546
544 548
544 549
545 546
545 547
545 548
545 549
546 549
547 549
548 549
550 551
550 553
550 554
550 555
550 556
550 557
550 558
550 559
550 560
550 563
550 564
550 565
550 566
550 567
550 568
550 571
550 572
550 573
551 552
551 553
551 554
551 555
551 557
551 559
551 561
551 562
551 563
551 564
551 565
551 566
551 567
551 568
551 569
551 570
551 571
551 572
551 573
552 553
552 554
552 555
552 556
552 558
552 559
552 560
552 561
552 564
552 566
552 570
552 573
553 555
553 556
553 557
553 558
553 559
553 560
553 562
553 564
553 566
553 568
553 569
553 571
553 572
553 573
553 574
554 556
554 557
554 558
554 560
554 561
554 562
554 565
554 566
554 568
554 569
554 571
554 573
554 574
555 557
555 558
555 560
555 561
555 562
555 563
555 564
555 565
555 567
555 568
555 570
555 572
555 573
555 574
556 557
556 559
556 561
556 564
556 565
556 566
556 567
556 569
556 570
556 572
556 574
557 558
557 559
557 561
557 562
557 563
557 566
557 567
557 569
557 570
557 571
557 572
557 574
558 559
558 560
558 561
558 562
558 563
558 565
558 566
558 567
558 568
558 569
558 572
558 574
559 560
559 562
559 563
559 564
559 566
559 568
559 569
559 571
559 573
559 574
560 561
560 562
560 563
560 564
560 567
560 568
560 569
560 570
560 572
560 574
561 562
561 563
561 564
561 565
561 566
561 567
561 568
561 569
561 570
561 571
561 572
561 573
561 574
562 563
562 566
562 568
562 573
562 574
563 564
563 565
563 566
563 567
563 568
563 570
563 574
564 568
564 569
564 570
564 571
564 573
564 574
565 567
565 568
565 571
565 573
565 574
566 568
566 569
566 570
566 571
566 573
567 568
567 569
567 570
567 572
567 573
567 574
568 570
568 572
568 573
569 571
569 572
569 573
570 573
570 574
571 572
571 573
571 574
572 573
572 574
573 574
575 576
575 577
575 579
575 580
575 581
575 583
575 584
575 586
575 587
575 589
575 591
575 592
575 595
575 596
575 597
575 598
575 599
576 578
576 581
576 582
576 583
576 584
576 585
576 589
576 590
576 591
576 592
576 595
576 596
576 597
576 598
577 581
577 582
577 583
577 586
577 587
577 588
577 590
577 592
577 593
577 594
577 595
577 596
577 597
577 598
578 579
578 580
578 583
578 584
578 587
578 588
578 589
578 592
578 593
578 595
578 597
578 598
578 599
579 580
579 582
579 584
579 585
579 587
579 588
579 589
579 590
579 591
579 592
579 593
579 594
579 596
579 597
579 598
580 581
580 583
580 585
580 586
580 587
580 589
580 595
580 597
580 599
581 582
581 583
581 584
581 585
581 587
581 589
581 591
581 592
581 593
581 595
581 596
581 597
581 599
582 585
582 586
582 587
582 588
582 589
582 590
582 591
582 592
582 593
582 594
582 595
582 596
582 597
582 599
583 585
583 586
583 587
583 589
583 590
583 591
583 595
583 597
584 585
584 586
584 588
584 589
584 590
584 591
584 592
584 594
584 595
584 597
584 599
585 587
585 588
585 589
585 591
585 592
585 593
585 595
585 599
586 587
586 588
586 589
586 591
586 595
586 596
586 597
586 598
586 599
587 588
587 589
587 591
587 592
587 593
587 595
587 596
587 598
588 589
588 591
588 592
588 594
588 595
588 596
588 599
589 591
589 593
589 594
589 595
589 596
589 597
589 598
589 599
590 591
590 593
590 594
590 597
590 598
590 599
591 592
591 593
591 594
591 596
591 597
592 594
592 596
592 597
593 595
593 598
593 599
594 595
594 596
594 597
594 598
595 596
595 598
595 599
596 598
597 598
598 599
600 601
600 602
600 603
600 604
600 605
600 606
600 607
600 608
600 609
600 610
600 611
600 612
600 615
600 616
600 619
600 620
600 621
600 622
600 623
600 624
601 602
601 605
601 608
601 609
601 610
601 611
601 612
601 614
601 615
601 616
601 617
601 618
601 619
601 622
601 624
602 603
602 605
602 606
602 607
602 609
602 610
602 611
602 612
602 613
602 614
602 615
602 616
602 617
602 619
602 622
602 624
603 605
603 606
603 608
603 609
603 610
603 612
603 613
603 614
603 615
603 616
603 618
603 619
603 620
603 621
603 623
603 624
604 606
604 607
604 609
604 611
604 612
604 613
604 614
604 615
604 616
604 617
604 618
604 619
604 620
604 621
604 623
604 624
605 607
605 608
605 610
605 611
605 612
605 614
605 615
605 616
605 617
605 618
605 619
605 620
605 622
606 607
606 609
606 610
606 611
606 613
606 614
606 616
606 617
606 618
606 619
606 621
606 623
607 609
607 610
607 612
607 614
607 615
607 617
607 618
607 620
607 621
607 622
608 610
608 611
608 612
608 614
608 615
608 617
608 618
608 619
608 620
608 621
608 622
608 623
608 624
609 610
609 611
609 612
609 613
609 616
609 618
609 622
609 623
609 624
610 611
610 612
610 613
610 615
610 616
610 617
610 618
610 620
610 621
610 622
610 623
610 624
611 615
611 616
611 618
611 619
611 620
611 621
611 623
611 624
612 613
612 615
612 617
612 618
612 619
612 621
612 624
613 614
613 615
613 617
613 619
613 621
613 623
613 624
614 615
614 616
614 617
614 618
614 620
614 621
614 622
614 624
615 616
615 617
615 618
615 619
615 620
615 621
615 624
616 618
616 619
616 621
616 623
616 624
617 619
617 620
617 621
617 622
617 623
617 624
618 619
618 621
618 624
619 620
619 621
619 622
619 623
619 624
620 622
621 622
621 623
621 624
622 624
625 626
625 627
625 628
625 629
625 630
625 631
625 632
625 633
625 634
625 636
625 637
625 639
625 641
625 643
625 644
625 645
625 646
625 649
626 627
626 628
626 629
626 631
626 632
626 633
626 634
626 635
626 636
626 637
626 638
626 640
626 641
626 642
626 643
626 644
626 645
626 646
626 647
626 649
627 628
627 629
627 630
627 631
627 632
627 633
627 634
627 636
627 639
627 640
627 641
627 642
627 644
627 645
627 646
627 647
627 649
628 631
628 634
628 635
628 636
628 637
628 638
628 639
628 641
628 642
628 645
628 646
628 649
629 630
629 631
629 632
629 633
629 634
629 635
629 636
629 637
629 641
629 642
629 644
629 645
629 647
629 649
630 631
630 632
630 634
630 635
630 637
630 638
630 641
630 642
630 643
630 644
630 646
630 648
630 649
631 633
631 634
631 637
631 638
631 641
631 642
631 643
631 647
631 648
631 649
632 633
632 634
632 635
632 637
632 638
632 643
632 645
632 646
632 647
632 648
632 649
633 635
633 636
633 637
633 638
633 639
633 640
633 641
633 643
633 644
633 645
633 646
633 647
633 648
633 649
634 636
634 637
634 638
634 640
634 641
634 643
634 644
634 646
634 647
634 648
634 649
635 636
635 637
635 639
635 641
635 642
635 643
635 645
635 646
635 647
635 648
635 649
636 637
636 639
636 640
636 641
636 642
636 643
636 644
636 645
636 646
636 647
636 648
636 649
637 639
637 640
637 642
637 644
637 645
637 647
637 648
637 649
638 639
638 640
638 643
638 644
638 645
638 646
638 647
638 649
639 640
639 641
639 642
639 644
639 646
639 647
639 648
639 649
640 641
640 642
640 644
640 645
640 646
640 647
640 648
640 649
641 643
641 644
641 645
641 646
641 649
642 643
642 644
642 645
642 646
642 648
642 649
643 644
643 646
643 647
643 648
643 649
644 646
644 647
644 648
645 647
645 648
645 649
646 647
646 648
650 651
650 652
650 653
650 655
650 656
650 657
650 658
650 659
650 662
650 663
650 664
650 665
650 666
650 667
650 668
650 669
650 671
650 672
650 673
650 674
651 652
651 653
651 656
651 657
651 658
651 660
651 663
651 666
651 667
651 668
651 671
651 672
651 673
651 674
652 653
652 654
652 655
652 656
652 657
652 660
652 661
652 664
652 667
652 668
652 669
652 670
652 671
652 672
652 673
652 674
653 654
653 655
653 656
653 657
653 660
653 662
653 663
653 664
653 665
653 667
653 669
653 670
653 671
653 672
653 673
653 674
654 655
654 656
654 657
654 658
654 660
654 661
654 662
654 663
654 664
654 666
654 669
654 670
654 671
654 672
655 656
655 657
655 658
655 659
655 660
655 661
655 665
655 666
655 667
655 668
655 669
655 671
655 673
655 674
656 658
656 659
656 660
656 661
656 662
656 663
656 664
656 665
656 666
656 667
656 671
656 672
657 660
657 661
657 662
657 663
657 664
657 665
657 666
657 668
657 671
657 674
658 659
658 660
658 661
658 662
658 664
658 667
658 669
658 670
658 671
658 674
659 660
659 661
659 662
659 663
659 664
659 666
659 669
659 670
659 671
659 672
659 673
660 661
660 662
660 663
660 664
660 666
660 667
660 668
660 669
660 670
661 665
661 666
661 669
661 670
661 671
661 672
661 674
662 664
662 665
662 666
662 667
662 670
662 672
662 673
662 674
663 667
663 670
663 671
663 672
663 673
663 674
664 666
664 667
664 670
664 671
664 672
664 673
664 674
665 666
665 667
665 668
665 669
665 671
665 672
665 673
665 674
666 667
666 668
666 669
666 671
666 672
666 674
667 669
667 671
667 673
667 674
668 669
668 670
668 671
668 672
668 673
669 671
669 672
669 674
670 671
670 672
670 673
670 674
671 673
671 674
675 676
675 677
675 678
675 679
675 681
675 682
675 683
675 684
675 685
675 686
675 689
675 690
675 696
675 697
676 677
676 678
676 679
676 680
676 681
676 682
676 683
676 685
676 686
676 687
676 688
676 689
676 692
676 693
676 695
676 696
676 697
676 698
677 680
677 681
677 682
677 683
677 684
677 686
677 688
677 689
677 690
677 692
677 693
677 697
677 698
677 699
678 679
678 680
678 682
678 685
678 686
678 687
678 688
678 689
678 690
678 692
678 693
678 694
678 695
678 696
678 697
678 698
679 680
679 681
679 683
679 684
679 687
679 688
679 690
679 691
679 692
679 693
679 695
679 696
679 698
680 681
680 683
680 684
680 685
680 686
680 687
680 691
680 692
680 693
680 696
680 697
680 698
681 682
681 683
681 684
681 686
681 687
681 688
681 689
681 691
681 692
681 693
681 695
681 696
681 697
681 698
681 699
682 684
682 685
682 686
682 688
682 689
682 691
682 692
682 693
682 694
682 695
682 696
682 697
682 698
683 686
683 687
683 689
683 690
683 691
683 692
683 693
683 694
683 695
683 696
683 697
683 698
683 699
684 685
684 686
684 690
684 691
684 692
684 693
684 694
684 695
684 696
684 697
684 698
685 686
685 687
685 688
685 689
685 690
685 691
685 692
685 693
685 694
685 695
685 696
685 697
685 698
685 699
686 687
686 688
686 689
686 690
686 692
686 694
686 695
686 696
686 698
687 688
687 689
687 690
687 691
687 694
687 695
687 696
687 697
687 698
688 689
688 690
688 691
688 692
688 694
688 696
688 697
688 698
688 699
689 690
689 691
689 693
689 695
689 696
689 697
689 698
689 699
690 691
690 692
690 693
690 695
690 696
690 698
690 699
691 692
691 693
691 696
691 699
692 693
692 696
692 697
692 698
692 699
693 694
693 696
693 697
693 699
694 697
694 699
695 698
695 699
696 697
696 699
697 699
700 701
700 703
700 704
700 706
700 707
700 708
700 709
700 710
700 712
700 713
700 714
700 716
700 717
700 718
700 719
700 720
700 721
700 722
700 723
700 724
701 703
701 704
701 705
701 707
701 708
701 709
701 710
701 711
701 713
701 714
701 715
701 716
701 717
701 719
701 720
702 706
702 708
702 709
702 710
702 713
702 714
702 716
702 717
702 718
702 719
702 720
702 721
703 706
703 707
703 708
703 709
703 710
703 712
703 713
703 714
703 715
703 716
703 718
703 719
703 720
703 722
703 724
704 706
704 707
704 708
704 709
704 710
704 711
704 712
704 714
704 715
704 716
704 717
704 718
704 720
704 721
704 722
705 707
705 709
705 710
705 711
705 713
705 714
705 715
705 716
705 717
705 718
705 719
705 720
705 722
705 723
705 724
706 707
706 708
706 709
706 710
706 711
706 714
706 715
706 716
706 718
706 719
706 720
706 721
706 723
706 724
707 709
707 711
707 712
707 713
707 715
707 716
707 717
707 718
707 719
707 720
707 722
707 723
707 724
708 709
708 711
708 712
708 714
708 715
708 716
708 717
708 719
708 720
708 722
708 723
708 724
709 710
709 711
709 712
709 713
709 714
709 717
709 719
709 721
709 723
710 711
710 712
710 714
710 716
710 719
710 720
710 722
710 723
710 724
711 712
711 713
711 715
711 716
711 721
711 722
711 723
711 724
712 713
712 715
712 716
712 718
712 719
712 720
712 721
712 722
712 724
713 714
713 715
713 717
713 718
713 719
713 720
713 722
714 715
714 716
714 717
714 718
714 719
714 720
714 721
714 722
714 724
715 717
715 718
715 719
715 721
715 723
715 724
716 719
716 720
716 722
716 723
716 724
717 718
717 719
717 720
717 722
717 723
718 719
718 720
718 722
718 723
718 724
719 720
719 721
719 722
719 723
719 724
720 721
720 722
720 723
720 724
721 722
721 723
722 723
722 724
725 726
725 727
725 728
725 729
725 730
725 731
725 732
725 734
725 738
725 739
725 740
725 742
725 743
725 745
725 746
725 748
726 727
726 728
726 730
726 731
726 732
726 733
726 735
726 736
726 739
726 740
726 741
726 742
726 745
726 747
726 748
726 749
727 728
727 729
727 730
727 731
727 732
727 733
727 735
727 736
727 737
727 738
727 739
727 740
727 741
727 742
727 743
727 744
727 745
727 747
727 748
728 730
728 731
728 732
728 734
728 735
728 737
728 738
728 739
728 740
728 741
728 742
728 743
728 744
728 745
728 746
728 748
728 749
729 730
729 733
729 734
729 735
729 736
729 738
729 739
729 741
729 743
729 744
729 745
729 746
729 747
730 731
730 734
730 735
730 738
730 742
730 743
730 744
730 745
730 748
731 733
731 735
731 736
731 737
731 738
731 739
731 740
731 741
731 742
731 743
731 744
731 745
731 746
731 747
731 748
731 749
732 733
732 735
732 736
732 737
732 740
732 742
732 743
732 744
732 746
732 747
732 748
732 749
733 734
733 735
733 736
733 738
733 740
733 741
733 742
733 743
733 744
733 745
733 746
733 747
733 748
734 736
734 737
734 738
734 740
734 742
734 745
734 746
734 747
734 749
735 738
735 739
735 741
735 742
735 743
735 744
735 745
735 748
736 737
736 739
736 740
736 741
736 742
736 743
736 744
736 745
736 746
736 747
736 748
736 749
737 738
737 742
737 744
737 745
737 748
737 749
738 740
738 742
738 744
738 745
738 746
738 747
738 748
739 740
739 741
739 742
739 743
739 744
739 745
739 746
739 747
739 749
740 741
740 743
740 744
740 745
740 747
740 748
740 749
741 743
741 744
741 745
741 746
741 747
741 748
741 749
742 743
742 744
742 747
742 749
743 744
743 745
743 747
743 748
743 749
744 745
744 746
744 747
744 749
745 746
745 747
745 748
745 749
746 747
746 748
746 749
747 748
747 749
748 749
750 751
750 752
750 753
750 755
750 756
750 758
750 759
750 760
750 761
750 762
750 763
750 766
750 767
750 769
750 771
750 772
750 774
751 752
751 753
751 754
751 755
751 756
751 758
751 759
751 760
751 762
751 763
751 764
751 765
751 767
751 768
751 769
751 770
751 772
751 774
752 753
752 755
752 756
752 757
752 758
752 759
752 760
752 763
752 766
752 767
752 768
752 769
752 771
752 772
752 774
753 754
753 755
753 756
753 757
753 758
753 761
753 762
753 763
753 764
753 765
753 767
753 768
753 769
753 770
753 773
753 774
754 755
754 756
754 757
754 758
754 759
754 763
754 766
754 767
754 768
754 769
754 770
754 772
754 774
755 757
755 758
755 759
755 760
755 761
755 764
755 765
755 768
755 769
755 770
755 771
755 773
755 774
756 757
756 758
756 759
756 762
756 763
756 765
756 766
756 768
756 769
756 770
756 771
756 773
756 774
757 758
757 759
757 760
757 761
757 762
757 763
757 764
757 765
757 766
757 767
757 768
757 769
757 770
757 771
757 774
758 759
758 760
758 761
758 762
758 764
758 765
758 767
758 771
758 772
758 773
758 774
759 760
759 762
759 764
759 768
759 769
759 771
759 772
759 774
760 761
760 762
760 766
760 768
760 769
760 770
760 771
760 772
760 773
760 774
761 762
761 763
761 766
761 768
761 769
761 770
761 771
761 772
761 773
761 774
762 764
762 766
762 767
762 768
762 771
762 772
763 764
763 765
763 766
763 768
763 770
763 771
763 773
764 765
764 766
764 767
764 768
764 769
764 770
764 771
764 774
765 766
765 767
765 770
765 771
765 772
765 773
766 767
766 768
766 769
766 770
766 772
767 769
767 771
767 774
768 769
768 770
768 772
769 772
769 773
769 774
770 771
770 773
771 774
772 774
775 777
775 778
775 779
775 780
775 782
775 783
775 784
775 785
775 788
775 789
775 790
775 791
775 796
775 798
775 799
776 777
776 778
776 780
776 781
776 782
776 785
776 786
776 787
776 793
776 794
776 799
777 779
777 781
777 784
777 785
777 786
777 788
777 789
777 790
777 791
777 792
777 793
777 796
777 797
778 780
778 782
778 783
778 785
778 787
778 788
778 789
778 793
778 794
778 795
778 797
778 798
778 799
779 780
779 781
779 782
779 783
779 785
779 786
779 788
779 789
779 790
779 791
779 792
779 793
779 794
779 795
779 797
779 798
779 799
780 781
780 782
780 783
780 784
780 785
780 786
780 788
780 789
780 790
780 791
780 792
780 793
780 794
780 795
780 796
780 798
780 799
781 782
781 783
781 784
781 787
781 788
781 789
781 790
781 792
781 793
781 794
781 796
781 797
781 798
782 784
782 786
782 788
782 789
782 790
782 791
782 792
782 794
782 796
782 798
782 799
783 784
783 785
783 786
783 787
783 788
783 789
783 791
783 793
783 794
783 796
783 798
783 799
784 785
784 786
784 788
784 789
784 790
784 793
784 794
784 796
784 797
784 798
784 799
785 786
785 787
785 788
785 789
785 791
785 792
785 793
785 794
785 795
785 796
785 798
786 789
786 790
786 792
786 796
786 797
786 799
787 788
787 789
787 794
787 797
787 798
787 799
788 789
788 791
788 792
788 793
788 794
788 795
788 796
788 797
788 798
788 799
789 791
789 792
789 793
789 794
789 796
789 798
790 791
790 792
790 793
790 795
790 796
790 797
790 798
791 793
791 794
791 797
791 798
791 799
792 793
792 796
792 797
793 794
793 795
793 797
793 799
794 795
794 796
794 797
794 798
794 799
795 796
795 797
795 798
795 799
796 797
796 798
797 798
798 799
800 801
800 803
800 804
800 805
800 807
800 808
800 809
800 810
800 811
800 812
800 813
800 814
800 817
800 818
800 820
800 821
800 823
800 824
801 802
801 803
801 804
801 805
801 807
801 810
801 811
801 813
801 814
801 815
801 816
801 817
801 818
801 819
801 820
801 822
801 823
802 803
802 804
802 805
802 806
802 807
802 808
802 809
802 810
802 812
802 817
802 818
802 819
802 821
802 823
802 824
803 804
803 805
803 806
803 807
803 809
803 810
803 811
803 812
803 814
803 815
803 816
803 817
803 818
803 819
803 820
803 822
803 823
803 824
804 805
804 806
804 807
804 808
804 809
804 810
804 814
804 815
804 816
804 817
804 818
804 820
804 821
804 822
805 807
805 808
805 810
805 811
805 813
805 814
805 815
805 818
805 819
805 820
805 821
805 823
805 824
806 807
806 808
806 809
806 811
806 812
806 813
806 815
806 816
806 819
806 821
806 823
806 824
807 808
807 812
807 813
807 815
807 817
807 818
807 820
807 823
807 824
808 811
808 812
808 816
808 818
808 819
808 820
808 821
808 822
808 823
808 824
809 810
809 812
809 813
809 814
809 816
809 817
809 818
809 819
809 820
809 821
809 822
809 824
810 813
810 814
810 815
810 816
810 817
810 818
810 820
810 821
810 822
810 823
810 824
811 812
811 813
811 815
811 816
811 817
811 818
811 821
811 822
811 823
812 816
812 817
812 820
812 821
812 822
812 824
813 816
813 817
813 818
813 820
813 822
813 823
813 824
814 816
814 817
814 818
814 820
814 822
814 823
814 824
815 817
815 819
815 820
815 822
815 823
815 824
816 817
816 818
816 821
816 822
816 824
817 818
817 819
817 820
817 821
817 822
817 823
818 820
818 821
818 822
818 823
818 824
819 821
819 823
820 822
820 823
820 824
821 822
821 823
821 824
822 823
822 824
825 826
825 827
825 829
825 830
825 831
825 832
825 833
825 834
825 835
825 836
825 837
825 838
825 839
825 840
825 842
825 843
825 844
825 845
825 849
826 827
826 830
826 832
826 834
826 835
826 836
826 837
826 839
826 841
826 843
826 844
826 845
826 846
826 848
826 849
827 828
827 829
827 830
827 831
827 832
827 833
827 834
827 836
827 838
827 839
827 841
827 844
827 846
827 848
827 849
828 829
828 830
828 831
828 834
828 835
828 836
828 837
828 840
828 841
828 842
828 847
828 848
829 831
829 833
829 834
829 835
829 836
829 837
829 838
829 839
829 840
829 841
829 842
829 844
829 849
830 831
830 832
830 833
830 834
830 835
830 836
830 837
830 838
830 839
830 840
830 841
830 842
830 843
830 845
830 846
830 847
830 848
830 849
831 832
831 833
831 835
831 836
831 838
831 839
831 840
831 841
831 842
831 843
831 844
832 834
832 835
832 836
832 837
832 838
832 839
832 840
832 841
832 842
832 843
832 844
832 847
832 848
833 836
833 837
833 838
833 839
833 840
833 841
833 843
833 845
833 846
833 847
833 848
833 849
834 835
834 836
834 837
834 838
834 839
834 840
834 843
834 844
834 846
834 849
835 836
835 837
835 838
835 839
835 842
835 844
835 845
835 846
835 847
835 848
836 837
836 839
836 840
836 841
836 842
836 844
836 845
836 846
836 847
836 849
837 838
837 840
837 841
837 842
837 843
837 845
837 846
837 848
837 849
838 840
838 841
838 842
838 843
838 844
838 845
838 846
838 848
838 849
839 840
839 842
839 844
839 847
839 849
840 841
840 842
840 843
840 845
840 849
841 842
841 844
841 845
841 847
841 849
842 844
842 846
842 847
843 844
843 845
843 846
843 848
844 846
844 849
845 846
845 847
845 848
845 849
846 847
846 848
846 849
847 848
847 849
848 849
850 851
850 852
850 853
850 854
850 857
850 858
850 859
850 862
850 863
850 864
850 865
850 866
850 867
850 870
850 873
850 874
851 856
851 858
851 860
851 861
851 865
851 867
851 868
851 869
851 870
851 872
851 873
851 874
852 853
852 854
852 856
852 857
852 859
852 862
852 863
852 866
852 869
852 873
852 874
853 854
853 855
853 856
853 857
853 859
853 860
853 861
853 862
853 864
853 865
853 868
853 869
853 870
853 871
853 872
853 873
854 855
854 856
854 858
854 860
854 862
854 863
854 864
854 865
854 866
854 869
854 870
854 873
854 874
855 856
855 857
855 858
855 860
855 863
855 864
855 865
855 868
855 869
855 870
855 871
855 873
855 874
856 858
856 859
856 860
856 861
856 862
856 863
856 865
856 868
856 869
856 871
856 872
856 873
857 858
857 859
857 860
857 862
857 864
857 866
857 867
857 868
857 869
857 870
857 871
857 872
858 859
858 862
858 863
858 864
858 865
858 867
858 868
858 869
858 870
858 871
858 872
858 874
859 861
859 862
859 863
859 864
859 865
859 866
859 867
859 868
859 870
859 871
859 872
859 873
860 863
860 864
860 866
860 867
860 868
860 870
860 871
860 872
860 873
861 862
861 863
861 865
861 867
861 868
861 869
861 870
861 872
861 873
862 863
862 864
862 866
862 867
862 868
862 869
862 871
862 873
862 874
863 864
863 865
863 868
863 870
863 871
863 872
863 873
863 874
864 866
864 867
864 868
864 870
864 872
865 866
865 868
865 869
865 872
865 874
866 867
866 868
866 869
866 870
866 871
867 868
867 869
867 870
867 871
867 872
867 873
868 869
868 871
868 872
868 873
869 870
869 871
869 872
869 874
870 871
870 872
871 872
871 874
872 873
872 874
873 874
875 877
875 878
875 879
875 880
875 881
875 883
875 885
875 886
875 888
875 889
875 890
875 891
875 893
875 895
875 896
875 897
875 898
875 899
876 877
876 878
876 882
876 884
876 886
876 887
876 888
876 891
876 893
876 894
876 895
876 896
876 898
876 899
877 878
877 879
877 880
877 881
877 883
877 885
877 888
877 890
877 891
877 893
877 894
877 896
877 897
877 898
877 899
878 880
878 882
878 884
878 885
878 888
878 890
878 891
878 892
878 893
878 894
878 895
878 896
878 898
879 881
879 882
879 883
879 884
879 885
879 886
879 887
879 890
879 891
879 892
879 894
879 895
879 896
879 898
879 899
880 881
880 882
880 883
880 884
880 886
880 888
880 890
880 891
880 892
880 896
880 897
880 898
880 899
881 882
881 884
881 885
881 886
881 887
881 888
881 889
881 891
881 895
881 897
881 899
882 884
882 886
882 888
882 889
882 890
882 891
882 892
882 894
882 895
882 897
882 898
882 899
883 885
883 886
883 887
883 889
883 890
883 891
883 892
883 893
883 895
883 896
883 897
883 898
883 899
884 885
884 886
884 888
884 889
884 890
884 891
884 892
884 893
884 894
884 897
884 898
884 899
885 886
885 887
885 888
885 891
885 892
885 893
885 895
885 896
885 898
886 887
886 889
886 890
886 892
886 893
886 894
886 895
886 896
886 899
887 889
887 891
887 892
887 894
887 895
887 897
887 898
887 899
888 890
888 891
888 893
888 895
888 896
888 897
888 898
888 899
889 890
889 891
889 892
889 893
889 895
889 897
889 898
889 899
890 891
890 892
890 893
890 896
890 897
890 898
891 892
891 895
891 896
891 897
891 898
891 899
892 894
892 895
892 899
893 894
893 895
893 896
893 897
893 899
894 896
894 897
894 899
895 897
895 898
895 899
896 897
896 898
896 899
897 898
897 899
900 901
900 902
900 907
900 908
900 910
900 911
900 912
900 913
900 915
900 916
900 918
900 919
900 920
900 921
900 922
900 923
900 924
901 906
901 907
901 909
901 910
901 911
901 912
901 913
901 914
901 915
901 916
901 917
901 919
901 921
902 903
902 905
902 906
902 907
902 909
902 910
902 911
902 912
902 916
902 917
902 920
902 921
902 923
903 907
903 908
903 909
903 910
903 911
903 914
903 916
903 917
903 919
903 920
903 921
903 923
903 924
904 905
904 907
904 908
904 909
904 910
904 911
904 912
904 914
904 915
904 916
904 917
904 918
904 919
904 920
904 921
904 923
905 906
905 907
905 908
905 909
905 911
905 912
905 914
905 915
905 917
905 918
905 920
905 924
906 907
906 908
906 909
906 910
906 911
906 912
906 914
906 915
906 916
906 920
906 922
906 923
906 924
907 909
907 910
907 912
907 913
907 914
907 915
907 916
907 917
907 918
907 919
907 921
907 922
907 924
908 909
908 910
908 911
908 912
908 913
908 915
908 916
908 917
908 918
908 919
908 921
908 922
908 923
908 924
909 910
909 912
909 913
909 915
909 916
909 917
909 918
909 919
909 920
910 911
910 912
910 914
910 915
910 916
910 917
910 918
910 919
910 920
910 921
910 923
910 924
911 912
911 913
911 914
911 915
911 916
911 918
911 921
911 922
911 923
912 913
912 915
912 917
912 920
912 921
912 922
912 923
913 915
913 916
913 917
913 918
913 919
913 920
913 922
913 924
914 915
914 916
914 918
914 919
914 921
914 922
914 924
915 916
915 917
915 919
915 920
915 922
915 923
915 924
916 918
916 919
916 922
916 924
917 918
917 919
917 920
917 921
917 922
918 920
918 923
918 924
919 920
919 921
919 923
919 924
920 922
920 923
921 922
921 923
921 924
922 924
925 926
925 927
925 928
925 930
925 931
925 933
925 934
925 937
925 938
925 939
925 940
925 941
925 942
925 943
925 944
925 945
925 947
925 949
926 927
926 928
926 929
926 930
926 932
926 934
926 938
926 939
926 940
926 941
926 943
926 944
926 945
926 946
926 947
926 948
926 949
927 931
927 932
927 933
927 935
927 936
927 938
927 939
927 940
927 941
927 942
927 945
927 947
927 948
927 949
928 929
928 931
928 932
928 933
928 935
928 936
928 937
928 938
928 939
928 940
928 944
928 945
928 946
928 947
928 948
929 930
929 932
929 933
929 934
929 935
929 936
929 937
929 938
929 939
929 940
929 941
929 942
929 943
929 944
929 946
929 947
929 948
929 949
930 933
930 936
930 937
930 939
930 940
930 943
930 944
930 945
930 946
930 947
930 948
930 949
931 935
931 936
931 937
931 940
931 941
931 942
931 943
931 945
931 947
931 948
931 949
932 933
932 934
932 935
932 936
932 937
932 940
932 941
932 944
932 946
932 947
932 948
933 934
933 935
933 936
933 938
933 939
933 940
933 941
933 942
933 945
933 946
933 947
933 948
934 937
934 938
934 940
934 941
934 942
934 943
934 944
934 945
934 946
934 947
934 948
934 949
935 936
935 937
935 938
935 940
935 942
935 943
935 944
935 945
935 946
935 947
935 948
935 949
936 939
936 940
936 941
936 942
936 943
936 944
936 947
936 948
936 949
937 939
937 940
937 941
937 943
937 944
937 945
937 948
937 949
938 939
938 940
938 941
938 943
938 944
938 947
938 948
938 949
939 940
939 941
939 944
939 945
939 947
939 949
940 943
940 945
940 946
940 947
940 948
940 949
941 942
941 943
941 945
941 946
941 947
942 943
942 945
942 947
942 949
943 945
943 947
943 949
944 945
944 946
944 947
945 948
945 949
946 947
946 948
946 949
947 949
948 949
950 951
950 953
950 954
950 956
950 957
950 958
950 959
950 961
950 962
950 963
950 964
950 967
950 968
950 969
950 970
950 973
950 974
951 953
951 954
951 955
951 956
951 958
951 959
951 960
951 961
951 962
951 964
951 965
951 967
951 968
951 969
951 970
951 971
951 972
951 973
951 974
952 953
952 954
952 955
952 956
952 957
952 958
952 959
952 960
952 961
952 962
952 963
952 964
952 966
952 967
952 968
952 969
952 970
952 971
952 973
952 974
953 954
953 955
953 958
953 959
953 961
953 962
953 963
953 964
953 965
953 966
953 967
953 968
953 969
953 972
953 973
953 974
954 955
954 956
954 957
954 958
954 959
954 961
954 962
954 964
954 965
954 968
954 969
954 972
954 973
954 974
955 956
955 958
955 959
955 960
955 961
955 964
955 966
955 968
955 969
955 974
956 957
956 958
956 959
956 961
956 962
956 963
956 965
956 966
956 969
956 971
956 972
956 974
957 958
957 962
957 965
957 966
957 967
957 968
957 970
957 972
957 973
957 974
958 959
958 962
958 963
958 964
958 966
958 968
958 969
958 970
958 971
958 972
958 974
959 961
959 963
959 964
959 965
959 968
959 969
959 970
959 972
959 974
960 962
960 964
960 967
960 969
960 971
960 973
961 962
961 963
961 964
961 965
961 967
961 969
961 971
961 973
962 964
962 965
962 966
962 969
962 970
962 971
962 974
963 965
963 966
963 967
963 972
963 974
964 965
964 967
964 970
964 971
964 973
964 974
965 966
965 967
965 968
965 969
965 970
965 971
965 972
965 973
966 967
966 968
966 969
966 970
966 971
966 974
967 968
967 969
967 971
967 972
968 969
968 970
968 971
968 972
969 971
969 973
969 974
970 974
971 972
971 973
972 973
972 974
973 974
975 977
975 979
975 980
975 983
975 984
975 985
975 987
975 989
975 991
975 992
975 993
975 994
975 995
975 996
975 998
975 999
976 977
976 978
976 981
976 984
976 987
976 989
976 990
976 991
976 992
976 993
976 994
976 996
976 997
976 998
976 999
977 978
977 979
977 980
977 981
977 983
977 985
977 986
977 987
977 988
977 989
977 990
977 991
977 992
977 993
977 994
977 995
978 979
978 980
978 981
978 983
978 984
978 985
978 986
978 987
978 989
978 990
978 993
978 994
978 995
978 996
978 998
979 980
979 981
979 982
979 985
979 986
979 991
979 992
979 994
979 995
979 996
979 997
979 998
980 981
980 982
980 983
980 984
980 985
980 986
980 989
980 990
980 992
980 993
980 994
980 995
980 996
980 997
980 999
981 982
981 983
981 984
981 985
981 986
981 987
981 988
981 989
981 990
981 991
981 992
981 993
981 994
981 996
981 997
981 998
981 999
982 983
982 984
982 986
982 988
982 990
982 991
982 992
982 993
982 995
982 997
982 999
983 984
983 985
983 986
983 987
983 988
983 990
983 991
983 994
983 996
983 997
983 998
984 985
984 987
984 988
984 989
984 990
984 991
984 993
984 994
984 995
984 998
984 999
985 986
985 987
985 990
985 992
985 993
985 996
985 998
986 987
986 988
986 990
986 991
986 992
986 993
986 994
986 995
986 996
986 997
986 998
986 999
987 989
987 991
987 994
987 995
987 996
987 997
987 999
988 989
988 991
988 992
988 994
988 997
988 998
988 999
989 990
989 991
989 992
989 993
989 994
989 995
989 997
989 999
990 992
990 994
990 995
990 998
990 999
991 992
991 993
991 994
991 995
991 996
991 997
991 998
991 999
992 994
992 995
992 996
992 997
993 994
993 996
993 997
993 998
993 999
994 995
994 996
994 997
994 998
994 999
995 996
995 998
996 997
996 998
996 999
997 999
998 999
1000 1001
1000 1002
1000 1003
1000 1004
1000 1005
1000 1008
1000 1010
1000 1011
1000 1012
1000 1014
1000 1015
1000 1016
1000 1017
1000 1018
1000 1019
1000 1020
1000 1022
1000 1023
1000 1024
1001 1002
1001 1003
1001 1004
1001 1006
1001 1007
1001 1010
1001 1011
1001 1013
1001 1014
1001 1015
1001 1017
1001 1019
1001 1020
1001 1022
1001 1023
1001 1024
1002 1003
1002 1005
1002 1007
1002 1008
1002 1011
1002 1012
1002 1013
1002 1015
1002 1017
1002 1019
1002 1020
1002 1024
1003 1004
1003 1005
1003 1007
1003 1008
1003 1009
1003 1010
1003 1011
1003 1012
1003 1013
1003 1014
1003 1016
1003 1020
1003 1021
1003 1022
1003 1024
1004 1005
1004 1006
1004 1007
1004 1008
1004 1009
1004 1010
1004 1011
1004 1013
1004 1014
1004 1016
1004 1018
1004 1020
1004 1021
1004 1023
1004 1024
1005 1006
1005 1007
1005 1008
1005 1009
1005 1010
1005 1012
1005 1013
1005 1017
1005 1020
1005 1021
1005 1022
1005 1023
1006 1007
1006 1008
1006 1014
1006 1015
1006 1016
1006 1017
1006 1018
1006 1020
1006 1021
1006 1022
1006 1023
1006 1024
1007 1009
1007 1010
1007 1011
1007 1012
1007 1013
1007 1014
1007 1016
1007 1018
1007 1020
1007 1022
1007 1023
1007 1024
1008 1009
1008 1010
1008 1012
1008 1014
1008 1015
1008 1016
1008 1017
1008 1018
1008 1019
1008 1020
1008 1021
1009 1010
1009 1011
1009 1012
1009 1014
1009 1015
1009 1017
1009 1018
1009 1020
1009 1021
1009 1022
1009 1024
1010 1011
1010 1013
1010 1014
1010 1016
1010 1017
1010 1018
1010 1020
1010 1023
1010 1024
1011 1013
1011 1016
1011 1018
1011 1020
1011 1021
1011 1022
1011 1023
1011 1024
1012 1014
1012 1015
1012 1017
1012 1018
1012 1019
1012 1020
1012 1021
1012 1022
1013 1014
1013 1015
1013 1016
1013 1017
1013 1018
1013 1019
1013 1022
1013 1023
1013 1024
1014 1015
1014 1016
1014 1017
1014 1020
1014 1021
1014 1022
1014 1024
1015 1016
1015 1017
1015 1018
1015 1019
1015 1020
1015 1021
1015 1022
1015 1023
1015 1024
1016 1017
1016 1018
1016 1019
1016 1021
1016 1022
1016 1023
1017 1020
1017 1022
1017 1023
1017 1024
1018 1019
1018 1020
1018 1022
1018 1023
1018 1024
1019 1020
1019 1021
1019 1022
1019 1023
1020 1023
1020 1024
1021 1022
1021 1023
1021 1024
1022 1023
1022 1024
1023 1024
1025 1026
1025 1027
1025 1028
1025 1029
1025 1031
1025 1032
1025 1033
1025 1035
1025 1037
1025 1039
1025 1040
1025 1041
1025 1042
1025 1043
1025 1044
1025 1046
1025 1047
1025 1049
1026 1027
1026 1028
1026 1029
1026 1031
1026 1033
1026 1036
1026 1037
1026 1039
1026 1041
1026 1043
1026 1045
1026 1046
1026 1047
1026 1048
1026 1049
1027 1028
1027 1029
1027 1030
1027 1031
1027 1034
1027 1037
1027 1038
1027 1039
1027 1041
1027 1042
1027 1043
1027 1046
1027 1048
1027 1049
1028 1029
1028 1030
1028 1031
1028 1033
1028 1034
1028 1035
1028 1036
1028 1038
1028 1039
1028 1043
1028 1044
1028 1045
1028 1047
1028 1048
1028 1049
1029 1030
1029 1032
1029 1033
1029 1035
1029 1036
1029 1037
1029 1039
1029 1041
1029 1042
1029 1043
1029 1044
1029 1045
1029 1046
1029 1048
1029 1049
1030 1031
1030 1033
1030 1036
1030 1037
1030 1040
1030 1041
1030 1042
1030 1043
1030 1044
1030 1045
1030 1046
1030 1047
1030 1049
1031 1033
1031 1034
1031 1035
1031 1036
1031 1038
1031 1039
1031 1040
1031 1042
1031 1044
1031 1045
1031 1046
1031 1047
1031 1048
1031 1049
1032 1033
1032 1034
1032 1035
1032 1036
1032 1037
1032 1038
1032 1041
1032 1042
1032 1044
1032 1045
1032 1046
1032 1047
1032 1048
1032 1049
1033 1034
1033 1037
1033 1039
1033 1041
1033 1043
1033 1044
1033 1045
1033 1046
1033 1048
1033 1049
1034 1035
1034 1037
1034 1038
1034 1039
1034 1040
1034 1041
1034 1042
1034 1044
1034 1045
1034 1046
1034 1047
1034 1048
1034 1049
1035 1036
1035 1037
1035 1038
1035 1040
1035 1042
1035 1043
1035 1045
1035 1048
1035 1049
1036 1037
1036 1038
1036 1039
1036 1040
1036 1042
1036 1043
1036 1044
1036 1045
1037 1038
1037 1042
1037 1043
1037 1044
1037 1046
1037 1048
1038 1039
1038 1041
1038 1043
1038 1044
1038 1045
1038 1047
1038 1048
1039 1040
1039 1041
1039 1043
1039 1044
1039 1046
1039 1048
1040 1041
1040 1042
1040 1043
1040 1045
1040 1048
1040 1049
1041 1042
1041 1043
1041 1044
1041 1045
1041 1046
1041 1047
1041 1048
1042 1043
1042 1047
1042 1048
1043 1046
1043 1047
1043 1049
1044 1045
1044 1046
1044 1047
1044 1048
1045 1046
1045 1048
1045 1049
1046 1047
1046 1048
1048 1049
1050 1051
1050 1053
1050 1054
1050 1056
1050 1057
1050 1058
1050 1059
1050 1060
1050 1061
1050 1062
1050 1063
1050 1064
1050 1065
1050 1068
1050 1069
1050 1071
1050 1072
1050 1073
1050 1074
1051 1052
1051 1053
1051 1055
1051 1056
1051 1058
1051 1060
1051 1063
1051 1064
1051 1066
1051 1068
1051 1069
1051 1071
1051 1073
1051 1074
1052 1053
1052 1054
1052 1055
1052 1056
1052 1057
1052 1058
1052 1061
1052 1062
1052 1063
1052 1064
1052 1065
1052 1066
1052 1067
1052 1068
1052 1069
1052 1070
1052 1072
1052 1073
1052 1074
1053 1054
1053 1056
1053 1057
1053 1059
1053 1060
1053 1061
1053 1062
1053 1063
1053 1065
1053 1066
1053 1067
1053 1069
1053 1070
1053 1071
1053 1072
1053 1073
1053 1074
1054 1055
1054 1058
1054 1059
1054 1060
1054 1062
1054 1064
1054 1065
1054 1066
1054 1067
1054 1069
1054 1073
1055 1056
1055 1060
1055 1061
1055 1062
1055 1063
1055 1064
1055 1066
1055 1069
1055 1070
1055 1071
1055 1073
1056 1057
1056 1059
1056 1060
1056 1063
1056 1064
1056 1065
1056 1066
1056 1067
1056 1069
1056 1070
1056 1073
1057 1058
1057 1059
1057 1060
1057 1063
1057 1064
1057 1065
1057 1066
1057 1067
1057 1068
1057 1069
1057 1070
1057 1074
1058 1059
1058 1060
1058 1061
1058 1063
1058 1064
1058 1065
1058 1066
1058 1068
1058 1069
1058 1070
1058 1071
1058 1072
1058 1074
1059 1061
1059 1062
1059 1063
1059 1064
1059 1066
1059 1067
1059 1068
1059 1069
1059 1071
1059 1072
1059 1073
1060 1061
1060 1063
1060 1064
1060 1065
1060 1067
1060 1068
1060 1070
1060 1071
1060 1072
1060 1074
1061 1063
1061 1064
1061 1066
1061 1067
1061 1069
1061 1070
1061 1071
1061 1072
1061 1074
1062 1063
1062 1064
1062 1065
1062 1067
1062 1069
1062 1071
1062 1073
1062 1074
1063 1064
1063 1065
1063 1067
1063 1068
1063 1069
1063 1070
1063 1071
1063 1072
1063 1073
1063 1074
1064 1066
1064 1067
1064 1068
1064 1071
1064 1073
1064 1074
1065 1068
1065 1069
1065 1070
1065 1071
1065 1072
1065 1073
1065 1074
1066 1068
1066 1070
1066 1072
1066 1073
1066 1074
1067 1069
1067 1072
1068 1071
1068 1072
1068 1073
1068 1074
1069 1070
1069 1072
1069 1073
1069 1074
1070 1071
1070 1072
1070 1073
1070 1074
1071 1072
1071 1073
1071 1074
1072 1074
1075 1076
1075 1077
1075 1079
1075 1082
1075 1084
1075 1085
1075 1087
1075 1089
1075 1092
1075 1093
1075 1094
1075 1096
1075 1097
1075 1099
1076 1077
1076 1080
1076 1081
1076 1082
1076 1084
1076 1085
1076 1087
1076 1089
1076 1090
1076 1091
1076 1092
1076 1093
1076 1094
1076 1095
1076 1096
1076 1097
1076 1099
1077 1078
1077 1079
1077 1081
1077 1082
1077 1083
1077 1084
1077 1085
1077 1086
1077 1087
1077 1088
1077 1089
1077 1090
1077 1092
1077 1093
1077 1094
1077 1095
1077 1096
1077 1097
1077 1098
1078 1079
1078 1080
1078 1082
1078 1083
1078 1084
1078 1085
1078 1086
1078 1087
1078 1089
1078 1092
1078 1093
1078 1094
1078 1095
1078 1096
1078 1098
1078 1099
1079 1081
1079 1082
1079 1083
1079 1088
1079 1089
1079 1091
1079 1093
1079 1094
1079 1095
1079 1096
1080 1081
1080 1082
1080 1083
1080 1084
1080 1085
1080 1086
1080 1089
1080 1090
1080 1092
1080 1093
1080 1094
1080 1095
1080 1096
1080 1097
1080 1099
1081 1082
1081 1083
1081 1084
1081 1085
1081 1087
1081 1088
1081 1089
1081 1092
1081 1096
1081 1097
1081 1098
1081 1099
1082 1084
1082 1085
1082 1086
1082 1088
1082 1090
1082 1091
1082 1092
1082 1094
1082 1095
1082 1096
1082 1097
1082 1099
1083 1085
1083 1086
1083 1087
1083 1088
1083 1089
1083 1090
1083 1091
1083 1093
1083 1094
1083 1095
1083 1096
1083 1098
1083 1099
1084 1086
1084 1093
1084 1095
1084 1096
1084 1097
1084 1098
1084 1099
1085 1087
1085 1089
1085 1093
1085 1096
1085 1097
1085 1098
1085 1099
1086 1087
1086 1088
1086 1089
1086 1090
1086 1091
1086 1092
1086 1094
1086 1097
1086 1099
1087 1088
1087 1089
1087 1090
1087 1091
1087 1093
1087 1094
1087 1097
1087 1098
1088 1089
1088 1090
1088 1091
1088 1094
1088 1095
1088 1096
1088 1097
1088 1099
1089 1091
1089 1092
1089 1095
1089 1096
1090 1091
1090 1092
1090 1093
1090 1095
1090 1096
1090 1098
1091 1092
1091 1094
1091 1096
1091 1097
1091 1098
1092 1093
1092 1094
1092 1095
1092 1097
1092 1098
1092 1099
1093 1094
1093 1097
1093 1098
1093 1099
1094 1097
1094 1099
1095 1096
1095 1097
1095 1099
1096 1098
1096 1099
1097 1098
1097 1099
1100 1102
1100 1103
1100 1104
1100 1106
1100 1107
1100 1108
1100 1111
1100 1112
1100 1114
1100 1116
1100 1117
1100 1119
1100 1121
1100 1122
1100 1123
1100 1124
1101 1103
1101 1104
1101 1105
1101 1106
1101 1108
1101 1109
1101 1111
1101 1112
1101 1113
1101 1114
1101 1115
1101 1116
1101 1118
1101 1119
1101 1122
1101 1123
1101 1124
1102 1103
1102 1105
1102 1106
1102 1107
1102 1109
1102 1111
1102 1112
1102 1114
1102 1117
1102 1119
1102 1120
1102 1121
1102 1122
1102 1123
1102 1124
1103 1104
1103 1105
1103 1107
1103 1109
1103 1110
1103 1111
1103 1112
1103 1113
1103 1115
1103 1116
1103 1117
1103 1118
1103 1119
1103 1120
1103 1121
1103 1122
1103 1123
1104 1105
1104 1108
1104 1109
1104 1111
1104 1112
1104 1113
1104 1116
1104 1117
1104 1118
1104 1120
1104 1121
1104 1122
1104 1123
1104 1124
1105 1106
1105 1108
1105 1110
1105 1111
1105 1112
1105 1113
1105 1114
1105 1115
1105 1117
1105 1119
1105 1120
1105 1122
1105 1123
1105 1124
1106 1108
1106 1110
1106 1113
1106 1115
1106 1116
1106 1117
1106 1119
1106 1120
1106 1122
1106 1123
1106 1124
1107 1110
1107 1111
1107 1112
1107 1113
1107 1115
1107 1116
1107 1121
1107 1124
1108 1110
1108 1112
1108 1113
1108 1114
1108 1115
1108 1117
1108 1118
1108 1119
1108 1120
1108 1121
1108 1122
1108 1123
1108 1124
1109 1110
1109 1111
1109 1112
1109 1113
1109 1114
1109 1117
1109 1118
1109 1119
1109 1120
1109 1121
1109 1122
1109 1123
1110 1111
1110 1114
1110 1115
1110 1116
1110 1117
1110 1118
1110 1120
1110 1122
1110 1123
1111 1114
1111 1115
1111 1116
1111 1118
1111 1120
1111 1122
1111 1123
1111 1124
1112 1113
1112 1114
1112 1115
1112 1117
1112 1118
1112 1121
1112 1122
1112 1123
1112 1124
1113 1114
1113 1115
1113 1117
1113 1119
1113 1121
1113 1122
1113 1123
1113 1124
1114 1115
1114 1117
1114 1120
1114 1121
1114 1122
1114 1123
1115 1116
1115 1118
1115 1119
1115 1120
1115 1121
1115 1123
1116 1117
1116 1118
1116 1119
1116 1120
1116 1121
1116 1122
1116 1123
1116 1124
1117 1118
1117 1120
1117 1121
1117 1123
1117 1124
1118 1119
1118 1121
1118 1122
1118 1123
1118 1124
1119 1120
1119 1123
1119 1124
1120 1121
1120 1122
1120 1124
1121 1122
1122 1124
1125 1126
1125 1127
1125 1128
1125 1129
1125 1131
1125 1132
1125 1133
1125 1134
1125 1135
1125 1136
1125 1139
1125 1140
1125 1141
1125 1142
1125 1144
1125 1145
1125 1146
1125 1147
1125 1148
1126 1129
1126 1130
1126 1131
1126 1132
1126 1133
1126 1134
1126 1135
1126 1137
1126 1138
1126 1139
1126 1140
1126 1141
1126 1142
1126 1144
1126 1145
1126 1146
1126 1147
1126 1148
1126 1149
1127 1128
1127 1130
1127 1131
1127 1132
1127 1133
1127 1135
1127 1136
1127 1137
1127 1138
1127 1139
1127 1141
1127 1143
1127 1144
1127 1145
1127 1146
1127 1149
1128 1133
1128 1134
1128 1135
1128 1137
1128 1138
1128 1139
1128 1141
1128 1143
1128 1144
1128 1145
1128 1146
1128 1147
1128 1149
1129 1130
1129 1132
1129 1134
1129 1135
1129 1136
1129 1137
1129 1138
1129 1139
1129 1141
1129 1142
1129 1144
1129 1145
1129 1146
1129 1147
1129 1148
1130 1131
1130 1132
1130 1134
1130 1135
1130 1136
1130 1137
1130 1139
1130 1140
1130 1141
1130 1142
1130 1143
1130 1144
1130 1145
1130 1146
1130 1147
1130 1149
1131 1132
1131 1133
1131 1135
1131 1136
1131 1137
1131 1140
1131 1141
1131 1143
1131 1145
1131 1146
1131 1148
1131 1149
1132 1136
1132 1138
1132 1139
1132 1140
1132 1141
1132 1143
1132 1146
1132 1148
1133 1134
1133 1135
1133 1136
1133 1137
1133 1138
1133 1139
1133 1140
1133 1141
1133 1142
1133 1143
1133 1144
1133 1145
1133 1146
1133 1147
1134 1135
1134 1136
1134 1137
1134 1139
1134 1140
1134 1141
1134 1142
1134 1143
1134 1144
1134 1145
1134 1147
1134 1148
1134 1149
1135 1137
1135 1138
1135 1141
1135 1142
1135 1144
1135 1145
1135 1147
1135 1148
1135 1149
1136 1137
1136 1139
1136 1140
1136 1143
1136 1144
1136 1145
1136 1147
1136 1149
1137 1138
1137 1140
1137 1141
1137 1142
1137 1143
1137 1144
1137 1145
1137 1147
1137 1148
1137 1149
1138 1139
1138 1140
1138 1142
1138 1143
1138 1144
1138 1145
1138 1146
1138 1147
1138 1149
1139 1140
1139 1143
1139 1146
1139 1148
1139 1149
1140 1141
1140 1142
1140 1143
1140 1144
1140 1145
1140 1146
1140 1147
1140 1148
1141 1143
1141 1144
1141 1145
1141 1146
1141 1148
1142 1143
1142 1144
1142 1145
1142 1146
1142 1147
1142 1148
1142 1149
1143 1144
1143 1145
1143 1146
1143 1147
1143 1148
1143 1149
1144 1145
1144 1146
1144 1147
1144 1149
1145 1146
1145 1147
1145 1148
1146 1147
1146 1149
1147 1149
1150 1151
1150 1152
1150 1153
1150 1156
1150 1157
1150 1158
1150 1160
1150 1161
1150 1162
1150 1163
1150 1164
1150 1165
1150 1166
1150 1169
1150 1170
1150 1172
1150 1173
1150 1174
1151 1152
1151 1153
1151 1154
1151 1155
1151 1156
1151 1157
1151 1158
1151 1160
1151 1161
1151 1162
1151 1163
1151 1164
1151 1165
1151 1168
1151 1170
1151 1171
1151 1172
1151 1173
1151 1174
1152 1153
1152 1158
1152 1159
1152 1160
1152 1161
1152 1163
1152 1164
1152 1165
1152 1167
1152 1169
1152 1172
1152 1174
1153 1155
1153 1158
1153 1159
1153 1161
1153 1163
1153 1166
1153 1169
1153 1170
1153 1171
1153 1173
1153 1174
1154 1157
1154 1159
1154 1160
1154 1161
1154 1164
1154 1165
1154 1166
1154 1167
1154 1171
1154 1172
1154 1174
1155 1157
1155 1158
1155 1159
1155 1162
1155 1163
1155 1164
1155 1165
1155 1166
1155 1167
1155 1168
1155 1169
1155 1171
1155 1172
1155 1173
1155 1174
1156 1157
1156 1159
1156 1160
1156 1161
1156 1162
1156 1163
1156 1165
1156 1166
1156 1168
1156 1169
1156 1170
1156 1174
1157 1158
1157 1159
1157 1160
1157 1161
1157 1162
1157 1163
1157 1165
1157 1166
1157 1167
1157 1168
1157 1169
1157 1170
1157 1173
1157 1174
1158 1159
1158 1160
1158 1161
1158 1162
1158 1163
1158 1164
1158 1165
1158 1166
1158 1168
1158 1169
1158 1170
1158 1171
1158 1172
1158 1173
1158 1174
1159 1160
1159 1162
1159 1163
1159 1164
1159 1165
1159 1167
1159 1168
1159 1171
1159 1172
1159 1174
1160 1162
1160 1164
1160 1165
1160 1166
1160 1168
1160 1169
1160 1171
1160 1172
1161 1162
1161 1163
1161 1165
1161 1166
1161 1168
1161 1169
1161 1170
1161 1172
1161 1173
1162 1165
1162 1166
1162 1168
1162 1169
1162 1170
1162 1172
1162 1173
1162 1174
1163 1165
1163 1166
1163 1168
1163 1169
1163 1170
1163 1171
1163 1173
1163 1174
1164 1167
1164 1168
1164 1169
1164 1170
1164 1171
1164 1173
1164 1174
1165 1168
1165 1170
1165 1171
1165 1173
1165 1174
1166 1167
1166 1168
1166 1169
1166 1170
1166 1172
1167 1169
1167 1170
1167 1171
1167 1174
1168 1169
1168 1171
1168 1172
1168 1173
1169 1170
1169 1171
1169 1172
1170 1171
1170 1172
1170 1174
1171 1172
1171 1173
1171 1174
1172 1173
1175 1176
1175 1179
1175 1181
1175 1182
1175 1183
1175 1184
1175 1186
1175 1187
1175 1190
1175 1193
1175 1194
1175 1196
1175 1197
1175 1198
1175 1199
1176 1177
1176 1178
1176 1179
1176 1182
1176 1183
1176 1187
1176 1188
1176 1191
1176 1193
1176 1194
1176 1195
1176 1196
1176 1198
1177 1178
1177 1179
1177 1180
1177 1181
1177 1182
1177 1183
1177 1184
1177 1185
1177 1188
1177 1189
1177 1190
1177 1191
1177 1192
1177 1197
1178 1179
1178 1180
1178 1181
1178 1182
1178 1183
1178 1185
1178 1187
1178 1189
1178 1190
1178 1191
1178 1192
1178 1195
1178 1196
1178 1197
1178 1198
1179 1181
1179 1182
1179 1183
1179 1184
1179 1187
1179 1189
1179 1190
1179 1191
1179 1192
1179 1194
1179 1196
1179 1197
1179 1199
1180 1182
1180 1183
1180 1184
1180 1187
1180 1188
1180 1189
1180 1191
1180 1192
1180 1193
1180 1194
1180 1195
1180 1196
1180 1197
1180 1199
1181 1182
1181 1183
1181 1184
1181 1185
1181 1186
1181 1187
1181 1188
1181 1193
1181 1194
1181 1195
1181 1197
1181 1198
1181 1199
1182 1183
1182 1185
1182 1186
1182 1187
1182 1188
1182 1189
1182 1191
1182 1193
1182 1194
1182 1196
1182 1198
1183 1185
1183 1186
1183 1187
1183 1188
1183 1191
1183 1192
1183 1194
1183 1197
1183 1198
1184 1185
1184 1186
1184 1187
1184 1189
1184 1194
1184 1195
1184 1196
1184 1199
1185 1186
1185 1187
1185 1188
1185 1190
1185 1192
1185 1193
1185 1194
1185 1195
1185 1196
1185 1197
1185 1198
1185 1199
1186 1188
1186 1190
1186 1191
1186 1195
1186 1196
1186 1197
1186 1198
1186 1199
1187 1189
1187 1190
1187 1191
1187 1192
1187 1194
1187 1196
1187 1199
1188 1190
1188 1191
1188 1192
1188 1193
1188 1194
1188 1197
1188 1199
1189 1190
1189 1192
1189 1193
1189 1194
1189 1195
1189 1196
1189 1197
1189 1198
1189 1199
1190 1191
1190 1192
1190 1193
1190 1194
1190 1195
1190 1196
1190 1199
1191 1193
1191 1195
1191 1196
1191 1197
1191 1198
1192 1193
1192 1195
1192 1196
1192 1197
1192 1198
1192 1199
1193 1194
1193 1195
1193 1196
1193 1197
1193 1198
1194 1196
1194 1197
1194 1198
1194 1199
1195 1196
1195 1199
1196 1197
1196 1198
1197 1199
1198 1199
1200 1203
1200 1204
1200 1205
1200 1206
1200 1207
1200 1208
1200 1209
1200 1210
1200 1213
1200 1214
1200 1215
1200 1216
1200 1217
1200 1218
1200 1222
1200 1223
1200 1224
1201 1202
1201 1203
1201 1204
1201 1206
1201 1209
1201 1210
1201 1211
1201 1212
1201 1214
1201 1215
1201 1217
1201 1218
1201 1219
1201 1220
1201 1221
1201 1222
1201 1223
1201 1224
1202 1203
1202 1204
1202 1205
1202 1206
1202 1207
1202 1208
1202 1210
1202 1211
1202 1212
1202 1213
1202 1216
1202 1218
1202 1219
1202 1220
1202 1221
1202 1223
1202 1224
1203 1204
1203 1205
1203 1207
1203 1208
1203 1209
1203 1214
1203 1215
1203 1217
1203 1219
1203 1220
1203 1223
1203 1224
1204 1205
1204 1206
1204 1208
1204 1209
1204 1210
1204 1211
1204 1212
1204 1213
1204 1215
1204 1216
1204 1217
1204 1219
1204 1220
1204 1221
1204 1223
1205 1206
1205 1207
1205 1209
1205 1210
1205 1211
1205 1212
1205 1213
1205 1214
1205 1215
1205 1217
1205 1219
1205 1221
1205 1224
1206 1207
1206 1208
1206 1209
1206 1210
1206 1212
1206 1214
1206 1216
1206 1217
1206 1218
1206 1219
1206 1221
1206 1222
1206 1223
1207 1208
1207 1209
1207 1210
1207 1213
1207 1214
1207 1215
1207 1216
1207 1217
1207 1218
1207 1221
1207 1222
1207 1223
1207 1224
1208 1209
1208 1210
1208 1212
1208 1213
1208 1214
1208 1215
1208 1216
1208 1217
1208 1219
1208 1221
1208 1222
1208 1224
1209 1210
1209 1212
1209 1213
1209 1214
1209 1215
1209 1216
1209 1219
1209 1220
1209 1222
1209 1223
1209 1224
1210 1211
1210 1214
1210 1216
1210 1217
1210 1218
1210 1220
1210 1221
1210 1223
1210 1224
1211 1212
1211 1213
1211 1214
1211 1217
1211 1219
1211 1220
1211 1223
1211 1224
1212 1213
1212 1214
1212 1215
1212 1217
1212 1218
1212 1219
1212 1220
1212 1221
1212 1222
1212 1224
1213 1214
1213 1216
1213 1218
1213 1219
1213 1220
1213 1221
1213 1223
1213 1224
1214 1215
1214 1216
1214 1218
1214 1220
1214 1221
1214 1224
1215 1217
1215 1218
1215 1219
1215 1220
1215 1221
1215 1223
1216 1219
1216 1221
1216 1224
1217 1218
1217 1219
1217 1220
1217 1222
1217 1223
1217 1224
1218 1219
1218 1221
1218 1222
1218 1223
1219 1221
1219 1222
1219 1223
1219 1224
1220 1221
1221 1222
1221 1224
1222 1224
1223 1224
1225 1226
1225 1227
1225 1229
1225 1230
1225 1232
1225 1234
1225 1235
1225 1236
1225 1237
1225 1239
1225 1240
1225 1241
1225 1242
1225 1244
1225 1245
1225 1246
1225 1247
1225 1249
1226 1227
1226 1228
1226 1229
1226 1230
1226 1232
1226 1233
1226 1234
1226 1236
1226 1239
1226 1241
1226 1242
1226 1247
1226 1248
1226 1249
1227 1229
1227 1232
1227 1234
1227 1235
1227 1236
1227 1237
1227 1238
1227 1239
1227 1240
1227 1242
1227 1244
1227 1247
1228 1230
1228 1231
1228 1233
1228 1234
1228 1235
1228 1236
1228 1237
1228 1238
1228 1239
1228 1240
1228 1245
1228 1246
1228 1248
1228 1249
1229 1230
1229 1231
1229 1232
1229 1233
1229 1234
1229 1235
1229 1236
1229 1237
1229 1238
1229 1239
1229 1240
1229 1242
1229 1243
1229 1244
1229 1245
1229 1247
1229 1249
1230 1232
1230 1233
1230 1234
1230 1235
1230 1237
1230 1238
1230 1239
1230 1240
1230 1241
1230 1242
1230 1243
1230 1244
1230 1245
1230 1246
1230 1248
1230 1249
1231 1235
1231 1236
1231 1237
1231 1239
1231 1240
1231 1241
1231 1242
1231 1246
1231 1248
1231 1249
1232 1233
1232 1234
1232 1236
1232 1237
1232 1238
1232 1240
1232 1241
1232 1242
1232 1244
1232 1245
1232 1246
1232 1247
1232 1248
1233 1235
1233 1236
1233 1238
1233 1239
1233 1240
1233 1241
1233 1242
1233 1243
1233 1244
1233 1245
1233 1247
1233 1248
1233 1249
1234 1235
1234 1236
1234 1241
1234 1243
1234 1244
1234 1246
1235 1236
1235 1237
1235 1238
1235 1239
1235 1240
1235 1243
1235 1244
1235 1245
1235 1247
1235 1248
1235 1249
1236 1237
1236 1238
1236 1239
1236 1241
1236 1242
1236 1244
1236 1245
1236 1246
1236 1249
1237 1239
1237 1240
1237 1241
1237 1242
1237 1243
1237 1244
1237 1245
1237 1246
1237 1247
1237 1249
1238 1239
1238 1240
1238 1241
1238 1242
1238 1243
1238 1247
1238 1248
1238 1249
1239 1240
1239 1241
1239 1242
1239 1243
1239 1244
1239 1245
1239 1246
1239 1247
1239 1248
1239 1249
1240 1241
1240 1242
1240 1245
1240 1246
1240 1247
1241 1242
1241 1243
1241 1245
1241 1246
1241 1247
1241 1248
1241 1249
1242 1243
1242 1244
1242 1245
1242 1246
1242 1247
1242 1248
1243 1245
1243 1247
1243 1249
1244 1245
1244 1246
1244 1247
1244 1248
1244 1249
1245 1246
1245 1247
1246 1247
1246 1248
1246 1249
1247 1248
1247 1249
1248 1249
1250 1251
1250 1253
1250 1254
1250 1255
1250 1257
1250 1260
1250 1261
1250 1262
1250 1263
1250 1265
1250 1267
1250 1268
1250 1269
1250 1271
1250 1273
1250 1274
1251 1252
1251 1254
1251 1255
1251 1256
1251 1259
1251 1260
1251 1261
1251 1262
1251 1265
1251 1266
1251 1267
1251 1268
1251 1271
1251 1272
1251 1274
1252 1254
1252 1256
1252 1257
1252 1258
1252 1261
1252 1263
1252 1264
1252 1266
1252 1269
1252 1272
1252 1273
1252 1274
1253 1254
1253 1255
1253 1256
1253 1258
1253 1259
1253 1261
1253 1264
1253 1265
1253 1267
1253 1268
1253 1270
1253 1271
1254 1256
1254 1258
1254 1259
1254 1260
1254 1263
1254 1264
1254 1266
1254 1267
1254 1269
1254 1271
1254 1273
1254 1274
1255 1257
1255 1261
1255 1262
1255 1263
1255 1264
1255 1266
1255 1267
1255 1268
1255 1269
1255 1270
1255 1271
1255 1272
1256 1257
1256 1258
1256 1259
1256 1262
1256 1263
1256 1265
1256 1267
1256 1268
1256 1270
1256 1272
1256 1273
1257 1258
1257 1261
1257 1262
1257 1263
1257 1265
1257 1267
1257 1268
1257 1269
1257 1270
1257 1271
1258 1259
1258 1261
1258 1262
1258 1263
1258 1264
1258 1265
1258 1266
1258 1267
1258 1271
1258 1272
1258 1273
1259 1260
1259 1262
1259 1263
1259 1264
1259 1265
1259 1267
1259 1268
1259 1269
1259 1271
1259 1272
1259 1274
1260 1262
1260 1263
1260 1264
1260 1265
1260 1267
1260 1269
1260 1270
1260 1271
1261 1263
1261 1264
1261 1265
1261 1267
1261 1269
1261 1271
1261 1272
1261 1273
1261 1274
1262 1263
1262 1264
1262 1265
1262 1267
1262 1268
1262 1269
1262 1272
1262 1274
1263 1264
1263 1266
1263 1267
1263 1268
1263 1269
1263 1270
1263 1271
1263 1273
1263 1274
1264 1265
1264 1266
1264 1267
1264 1269
1264 1270
1264 1271
1264 1273
1264 1274
1265 1266
1265 1269
1265 1270
1265 1271
1265 1272
1265 1273
1265 1274
1266 1267
1266 1268
1266 1269
1266 1270
1266 1271
1266 1272
1267 1268
1267 1269
1267 1271
1267 1272
1267 1273
1267 1274
1268 1270
1268 1271
1268 1272
1268 1273
1268 1274
1269 1271
1269 1274
1270 1274
1271 1272
1271 1273
1271 1274
1272 1273
1272 1274
1273 1274
1275 1277
1275 1278
1275 1280
1275 1281
1275 1282
1275 1284
1275 1285
1275 1286
1275 1287
1275 1288
1275 1289
1275 1290
1275 1291
1275 1292
1275 1293
1275 1294
1275 1295
1275 1297
1275 1298
1276 1278
1276 1280
1276 1281
1276 1285
1276 1287
1276 1289
1276 1290
1276 1292
1276 1293
1276 1294
1276 1295
1276 1297
1276 1298
1276 1299
1277 1278
1277 1279
1277 1280
1277 1281
1277 1282
1277 1283
1277 1284
1277 1285
1277 1286
1277 1287
1277 1288
1277 1290
1277 1292
1277 1293
1277 1294
1277 1295
1277 1296
1277 1297
1277 1298
1278 1279
1278 1281
1278 1285
1278 1286
1278 1287
1278 1288
1278 1289
1278 1290
1278 1291
1278 1293
1278 1296
1278 1297
1278 1298
1278 1299
1279 1281
1279 1282
1279 1284
1279 1287
1279 1288
1279 1289
1279 1291
1279 1292
1279 1293
1279 1294
1279 1295
1279 1296
1279 1297
1279 1298
1279 1299
1280 1281
1280 1282
1280 1283
1280 1284
1280 1285
1280 1286
1280 1288
1280 1289
1280 1291
1280 1292
1280 1293
1280 1294
1280 1295
1280 1296
1280 1297
1280 1298
1280 1299
1281 1282
1281 1283
1281 1284
1281 1285
1281 1288
1281 1293
1281 1295
1281 1296
1281 1297
1281 1299
1282 1283
1282 1285
1282 1287
1282 1290
1282 1291
1282 1292
1282 1294
1282 1296
1282 1297
1282 1298
1283 1285
1283 1286
1283 1287
1283 1288
1283 1290
1283 1291
1283 1293
1283 1295
1283 1298
1284 1285
1284 1286
1284 1287
1284 1288
1284 1289
1284 1290
1284 1291
1284 1292
1284 1293
1284 1294
1284 1295
1284 1296
1284 1297
1284 1298
1284 1299
1285 1286
1285 1287
1285 1288
1285 1290
1285 1291
1285 1293
1285 1294
1285 1295
1285 1296
1286 1287
1286 1290
1286 1292
1286 1293
1286 1295
1286 1296
1286 1297
1286 1299
1287 1290
1287 1291
1287 1292
1287 1293
1287 1295
1287 1296
1287 1297
1288 1289
1288 1291
1288 1292
1288 1295
1288 1296
1288 1297
1289 1290
1289 1293
1289 1294
1289 1295
1289 1297
1289 1298
1289 1299
1290 1291
1290 1292
1290 1293
1290 1297
1291 1292
1291 1293
1291 1295
1291 1296
1291 1297
1291 1298
1291 1299
1292 1293
1292 1294
1292 1297
1293 1294
1293 1295
1293 1296
1293 1299
1294 1295
1294 1296
1294 1297
1294 1298
1294 1299
1295 1297
1295 1298
1296 1297
1296 1298
1296 1299
1297 1298
1297 1299
1300 1302
1300 1304
1300 1305
1300 1307
1300 1308
1300 1310
1300 1314
1300 1315
1300 1316
1300 1318
1300 1321
1300 1324
1301 1302
1301 1303
1301 1304
1301 1305
1301 1306
1301 1307
1301 1308
1301 1310
1301 1311
1301 1312
1301 1314
1301 1315
1301 1316
1301 1317
1301 1319
1301 1320
1301 1321
1301 1322
1301 1323
1301 1324
1302 1304
1302 1307
1302 1308
1302 1309
1302 1310
1302 1312
1302 1313
1302 1314
1302 1315
1302 1316
1302 1317
1302 1318
1302 1320
1302 1323
1302 1324
1303 1304
1303 1306
1303 1307
1303 1308
1303 1309
1303 1310
1303 1312
1303 1314
1303 1315
1303 1316
1303 1317
1303 1318
1303 1321
1303 1322
1303 1324
1304 1305
1304 1306
1304 1307
1304 1308
1304 1310
1304 1311
1304 1312
1304 1313
1304 1314
1304 1316
1304 1317
1304 1319
1304 1321
1304 1322
1304 1323
1304 1324
1305 1306
1305 1307
1305 1308
1305 1309
1305 1310
1305 1312
1305 1313
1305 1314
1305 1315
1305 1316
1305 1317
1305 1318
1305 1319
1305 1320
1305 1321
1305 1322
1305 1323
1305 1324
1306 1307
1306 1308
1306 1309
1306 1310
1306 1312
1306 1313
1306 1314
1306 1315
1306 1316
1306 1318
1306 1319
1306 1320
1306 1321
1306 1322
1306 1323
1306 1324
1307 1308
1307 1309
1307 1310
1307 1313
1307 1314
1307 1315
1307 1316
1307 1318
1307 1319
1307 1320
1307 1321
1307 1322
1307 1323
1307 1324
1308 1309
1308 1310
1308 1312
1308 1314
1308 1315
1308 1317
1308 1319
1308 1320
1308 1321
1308 1322
1308 1323
1308 1324
1309 1311
1309 1312
1309 1313
1309 1314
1309 1316
1309 1317
1309 1318
1309 1319
1309 1320
1309 1322
1309 1323
1310 1311
1310 1312
1310 1313
1310 1314
1310 1315
1310 1317
1310 1318
1310 1319
1310 1320
1310 1321
1310 1322
1310 1323
1310 1324
1311 1312
1311 1313
1311 1315
1311 1317
1311 1320
1311 1321
1311 1322
1311 1323
1311 1324
1312 1313
1312 1314
1312 1315
1312 1316
1312 1317
1312 1318
1312 1319
1312 1320
1312 1323
1312 1324
1313 1314
1313 1315
1313 1316
1313 1319
1313 1320
1313 1321
1313 1324
1314 1315
1314 1316
1314 1317
1314 1319
1314 1320
1314 1321
1314 1322
1314 1323
1314 1324
1315 1316
1315 1317
1315 1318
1315 1319
1315 1320
1315 1322
1315 1323
1315 1324
1316 1319
1316 1320
1316 1321
1316 1322
1316 1323
1317 1318
1317 1319
1317 1320
1317 1321
1317 1322
1318 1319
1318 1320
1318 1321
1318 1323
1318 1324
1319 1321
1319 1322
1319 1323
1319 1324
1320 1322
1321 1324
1322 1323
1323 1324
1325 1326
1325 1327
1325 1328
1325 1330
1325 1331
1325 1332
1325 1334
1325 1335
1325 1338
1325 1340
1325 1341
1325 1344
1325 1345
1325 1346
1325 1347
1325 1348
1325 1349
1326 1327
1326 1329
1326 1330
1326 1331
1326 1333
1326 1335
1326 1336
1326 1337
1326 1338
1326 1340
1326 1343
1326 1345
1326 1346
1326 1348
1327 1328
1327 1333
1327 1337
1327 1338
1327 1339
1327 1341
1327 1343
1327 1344
1327 1345
1327 1346
1327 1347
1327 1348
1327 1349
1328 1329
1328 1330
1328 1331
1328 1333
1328 1334
1328 1335
1328 1337
1328 1339
1328 1340
1328 1341
1328 1342
1328 1343
1328 1344
1328 1345
1328 1346
1328 1347
1328 1349
1329 1331
1329 1332
1329 1333
1329 1334
1329 1335
1329 1337
1329 1339
1329 1340
1329 1342
1329 1343
1329 1344
1329 1347
1329 1348
1329 1349
1330 1335
1330 1336
1330 1337
1330 1340
1330 1342
1330 1343
1330 1344
1330 1345
1330 1346
1330 1347
1330 1348
1330 1349
1331 1334
1331 1336
1331 1337
1331 1338
1331 1339
1331 1340
1331 1341
1331 1342
1331 1343
1331 1344
1331 1348
1331 1349
1332 1333
1332 1334
1332 1335
1332 1336
1332 1338
1332 1340
1332 1344
1332 1345
1332 1348
1332 1349
1333 1334
1333 1337
1333 1338
1333 1339
1333 1340
1333 1342
1333 1346
1333 1347
1333 1348
1334 1335
1334 1336
1334 1337
1334 1338
1334 1339
1334 1340
1334 1344
1334 1346
1334 1348
1334 1349
1335 1336
1335 1337
1335 1338
1335 1339
1335 1340
1335 1341
1335 1342
1335 1343
1335 1344
1335 1345
1335 1346
1335 1347
1335 1348
1336 1337
1336 1338
1336 1340
1336 1343
1336 1344
1336 1345
1336 1349
1337 1339
1337 1340
1337 1341
1337 1343
1337 1344
1337 1345
1337 1347
1337 1348
1338 1340
1338 1341
1338 1342
1338 1344
1338 1348
1339 1340
1339 1342
1339 1344
1339 1345
1339 1348
1339 1349
1340 1341
1340 1343
1340 1344
1340 1345
1340 1347
1340 1349
1341 1342
1341 1343
1341 1344
1341 1345
1341 1346
1341 1347
1341 1348
1342 1343
1342 1344
1342 1345
1342 1347
1342 1348
1343 1344
1343 1345
1343 1346
1343 1348
1343 1349
1344 1345
1344 1346
1344 1347
1344 1348
1345 1346
1345 1349
1347 1348
1347 1349
1348 1349
1350 1353
1350 1355
1350 1356
1350 1357
1350 1358
1350 1360
1350 1361
1350 1362
1350 1363
1350 1365
1350 1366
1350 1367
1350 1368
1350 1369
1350 1371
1350 1372
1350 1373
1350 1374
1351 1355
1351 1356
1351 1357
1351 1358
1351 1361
1351 1362
1351 1363
1351 1364
1351 1366
1351 1367
1351 1368
1351 1369
1351 1370
1351 1371
1351 1372
1351 1373
1352 1353
1352 1354
1352 1355
1352 1357
1352 1358
1352 1359
1352 1361
1352 1364
1352 1365
1352 1366
1352 1367
1352 1368
1352 1370
1352 1372
1352 1373
1352 1374
1353 1354
1353 1355
1353 1357
1353 1359
1353 1361
1353 1363
1353 1365
1353 1366
1353 1368
1353 1369
1353 1370
1353 1371
1353 1373
1354 1355
1354 1357
1354 1358
1354 1361
1354 1363
1354 1364
1354 1365
1354 1366
1354 1367
1354 1369
1354 1370
1354 1373
1354 1374
1355 1356
1355 1358
1355 1359
1355 1360
1355 1361
1355 1362
1355 1363
1355 1364
1355 1367
1355 1368
1355 1369
1355 1370
1355 1371
1355 1372
1355 1373
1355 1374
1356 1358
1356 1359
1356 1361
1356 1362
1356 1363
1356 1364
1356 1366
1356 1367
1356 1369
1356 1373
1357 1358
1357 1360
1357 1361
1357 1363
1357 1365
1357 1366
1357 1367
1357 1369
1357 1370
1357 1372
1357 1373
1357 1374
1358 1362
1358 1363
1358 1365
1358 1366
1358 1367
1358 1369
1358 1370
1358 1372
1358 1373
1358 1374
1359 1361
1359 1362
1359 1363
1359 1365
1359 1367
1359 1368
1359 1369
1359 1370
1359 1371
1359 1372
1360 1361
1360 1362
1360 1364
1360 1365
1360 1367
1360 1369
1360 1370
1360 1371
1360 1372
1360 1373
1360 1374
1361 1362
1361 1363
1361 1364
1361 1368
1361 1369
1361 1370
1361 1371
1361 1372
1361 1373
1361 1374
1362 1363
1362 1364
1362 1365
1362 1366
1362 1370
1362 1371
1362 1372
1362 1373
1362 1374
1363 1364
1363 1365
1363 1366
1363 1367
1363 1368
1363 1370
1363 1371
1363 1373
1363 1374
1364 1368
1364 1370
1364 1371
1364 1372
1364 1374
1365 1366
1365 1367
1365 1368
1365 1370
1365 1371
1365 1372
1365 1374
1366 1368
1366 1369
1366 1370
1366 1373
1366 1374
1367 1368
1367 1371
1367 1372
1367 1373
1367 1374
1368 1369
1368 1370
1368 1372
1368 1373
1368 1374
1369 1371
1369 1372
1369 1373
1369 1374
1370 1372
1371 1372
1371 1373
1371 1374
1373 1374
1375 1376
1375 1378
1375 1379
1375 1380
1375 1381
1375 1382
1375 1385
1375 1386
1375 1387
1375 1389
1375 1390
1375 1391
1375 1393
1375 1396
1375 1398
1376 1377
1376 1378
1376 1380
1376 1381
1376 1382
1376 1383
1376 1384
1376 1385
1376 1386
1376 1387
1376 1388
1376 1390
1376 1392
1376 1393
1376 1395
1376 1397
1376 1398
1377 1378
1377 1379
1377 1380
1377 1382
1377 1385
1377 1386
1377 1387
1377 1388
1377 1389
1377 1391
1377 1392
1377 1393
1377 1395
1377 1396
1377 1398
1377 1399
1378 1379
1378 1380
1378 1382
1378 1383
1378 1384
1378 1385
1378 1386
1378 1387
1378 1388
1378 1389
1378 1390
1378 1391
1378 1396
1378 1399
1379 1381
1379 1383
1379 1385
1379 1386
1379 1387
1379 1388
1379 1390
1379 1391
1379 1392
1379 1393
1379 1394
1379 1395
1379 1396
1379 1397
1379 1398
1380 1382
1380 1385
1380 1386
1380 1387
1380 1390
1380 1391
1380 1392
1380 1396
1380 1397
1380 1398
1380 1399
1381 1382
1381 1384
1381 1387
1381 1388
1381 1389
1381 1390
1381 1391
1381 1392
1381 1393
1381 1394
1381 1395
1381 1396
1381 1397
1381 1398
1382 1384
1382 1385
1382 1386
1382 1388
1382 1389
1382 1391
1382 1393
1382 1394
1382 1395
1382 1396
1382 1397
1382 1398
1382 1399
1383 1385
1383 1387
1383 1389
1383 1390
1383 1391
1383 1392
1383 1393
1383 1395
1383 1396
1383 1397
1383 1399
1384 1386
1384 1388
1384 1389
1384 1390
1384 1391
1384 1393
1384 1394
1384 1395
1384 1396
1384 1398
1384 1399
1385 1386
1385 1387
1385 1388
1385 1389
1385 1390
1385 1391
1385 1392
1385 1393
1385 1394
1385 1395
1385 1396
1385 1397
1385 1398
1385 1399
1386 1387
1386 1388
1386 1391
1386 1394
1386 1396
1386 1398
1387 1388
1387 1391
1387 1392
1387 1393
1387 1395
1387 1396
1387 1397
1387 1398
1387 1399
1388 1389
1388 1390
1388 1391
1388 1392
1388 1393
1388 1394
1388 1395
1388 1397
1388 1399
1389 1390
1389 1391
1389 1392
1389 1393
1389 1394
1389 1395
1389 1396
1389 1397
1389 1399
1390 1391
1390 1397
1391 1396
1391 1397
1391 1398
1391 1399
1392 1393
1392 1394
1392 1396
1392 1397
1392 1398
1393 1394
1393 1395
1393 1396
1393 1398
1394 1396
1394 1398
1394 1399
1395 1396
1395 1397
1395 1399
1396 1397
1396 1398
1397 1398
1398 1399
1400 1403
1400 1404
1400 1405
1400 1406
1400 1410
1400 1412
1400 1413
1400 1415
1400 1417
1400 1418
1400 1419
1400 1420
1400 1421
1400 1423
1401 1403
1401 1404
1401 1405
1401 1406
1401 1407
1401 1408
1401 1409
1401 1410
1401 1411
1401 1412
1401 1413
1401 1414
1401 1415
1401 1416
1401 1417
1401 1418
1401 1420
1401 1421
1401 1422
1401 1423
1402 1404
1402 1405
1402 1407
1402 1410
1402 1411
1402 1412
1402 1413
1402 1415
1402 1416
1402 1419
1402 1420
1402 1421
1403 1404
1403 1405
1403 1406
1403 1408
1403 1409
1403 1412
1403 1413
1403 1414
1403 1416
1403 1419
1403 1420
1403 1421
1403 1424
1404 1405
1404 1406
1404 1407
1404 1408
1404 1410
1404 1411
1404 1412
1404 1415
1404 1416
1404 1417
1404 1418
1404 1419
1404 1421
1404 1423
1404 1424
1405 1406
1405 1407
1405 1408
1405 1409
1405 1411
1405 1414
1405 1417
1405 1419
1405 1420
1405 1421
1405 1422
1405 1423
1405 1424
1406 1407
1406 1408
1406 1410
1406 1412
1406 1414
1406 1415
1406 1418
1406 1419
1406 1420
1406 1421
1406 1422
1406 1424
1407 1408
1407 1409
1407 1410
1407 1411
1407 1412
1407 1414
1407 1415
1407 1416
1407 1417
1407 1418
1407 1419
1407 1420
1407 1422
1407 1423
1408 1410
1408 1411
1408 1412
1408 1413
1408 1415
1408 1416
1408 1417
1408 1418
1408 1419
1408 1420
1408 1422
1408 1424
1409 1410
1409 1412
1409 1413
1409 1414
1409 1415
1409 1417
1409 1419
1409 1420
1409 1421
1409 1422
1409 1424
1410 1412
1410 1414
1410 1416
1410 1421
1410 1423
1410 1424
1411 1412
1411 1413
1411 1414
1411 1416
1411 1417
1411 1418
1411 1424
1412 1413
1412 1414
1412 1415
1412 1417
1412 1418
1412 1424
1413 1414
1413 1417
1413 1418
1413 1419
1413 1420
1413 1421
1413 1423
1413 1424
1414 1416
1414 1418
1414 1419
1414 1420
1414 1422
1415 1416
1415 1417
1415 1418
1415 1420
1415 1421
1415 1422
1416 1417
1416 1419
1416 1420
1416 1421
1417 1418
1417 1420
1417 1421
1417 1423
1417 1424
1418 1419
1418 1420
1418 1421
1418 1422
1418 1423
1418 1424
1419 1420
1419 1421
1419 1423
1419 1424
1420 1421
1420 1423
1420 1424
1421 1423
1421 1424
1422 1423
1422 1424
1423 1424
1425 1426
1425 1428
1425 1429
1425 1430
1425 1431
1425 1433
1425 1434
1425 1436
1425 1438
1425 1439
1425 1440
1425 1441
1425 1442
1425 1443
1425 1445
1425 1446
1425 1447
1425 1448
1425 1449
1426 1427
1426 1429
1426 1430
1426 1431
1426 1432
1426 1433
1426 1436
1426 1437
1426 1438
1426 1439
1426 1440
1426 1441
1426 1444
1426 1445
1426 1446
1426 1448
1426 1449
1427 1428
1427 1430
1427 1431
1427 1432
1427 1434
1427 1435
1427 1436
1427 1437
1427 1439
1427 1440
1427 1441
1427 1442
1427 1445
1427 1446
1427 1449
1428 1429
1428 1430
1428 1432
1428 1435
1428 1437
1428 1438
1428 1439
1428 1440
1428 1443
1428 1444
1428 1445
1428 1446
1428 1447
1428 1448
1428 1449
1429 1430
1429 1434
1429 1435
1429 1436
1429 1437
1429 1438
1429 1439
1429 1440
1429 1441
1429 1443
1429 1444
1430 1431
1430 1433
1430 1435
1430 1436
1430 1437
1430 1438
1430 1439
1430 1440
1430 1443
1430 1445
1430 1446
1430 1447
1430 1448
1430 1449
1431 1433
1431 1434
1431 1436
1431 1440
1431 1442
1431 1443
1431 1444
1431 1446
1431 1448
1431 1449
1432 1434
1432 1435
1432 1439
1432 1440
1432 1441
1432 1442
1432 1444
1432 1445
1432 1446
1432 1448
1432 1449
1433 1434
1433 1436
1433 1438
1433 1439
1433 1441
1433 1442
1433 1443
1433 1444
1433 1446
1433 1447
1433 1448
1433 1449
1434 1435
1434 1437
1434 1440
1434 1441
1434 1443
1434 1444
1434 1445
1434 1446
1434 1447
1434 1448
1434 1449
1435 1437
1435 1438
1435 1439
1435 1440
1435 1441
1435 1442
1435 1443
1435 1444
1435 1445
1435 1446
1435 1448
1435 1449
1436 1438
1436 1439
1436 1440
1436 1441
1436 1443
1436 1444
1436 1446
1436 1447
1436 1449
1437 1438
1437 1439
1437 1440
1437 1441
1437 1442
1437 1443
1437 1444
1437 1445
1437 1446
1437 1447
1437 1448
1438 1440
1438 1441
1438 1443
1438 1447
1438 1448
1439 1440
1439 1441
1439 1444
1439 1445
1439 1446
1439 1447
1439 1448
1440 1442
1440 1444
1440 1445
1440 1446
1440 1447
1440 1448
1440 1449
1441 1442
1441 1443
1441 1444
1441 1445
1441 1447
1441 1448
1441 1449
1442 1444
1442 1445
1442 1446
1442 1448
1442 1449
1443 1445
1443 1448
1444 1445
1444 1446
1444 1447
1444 1448
1445 1446
1445 1447
1445 1449
1446 1447
1446 1448
1446 1449
1447 1449
1448 1449
1450 1452
1450 1453
1450 1455
1450 1457
1450 1458
1450 1459
1450 1460
1450 1462
1450 1463
1450 1464
1450 1465
1450 1466
1450 1467
1450 1469
1450 1471
1450 1472
1450 1474
1451 1452
1451 1453
1451 1454
1451 1455
1451 1456
1451 1457
1451 1458
1451 1459
1451 1460
1451 1461
1451 1462
1451 1464
1451 1468
1451 1471
1451 1472
1451 1473
1451 1474
1452 1453
1452 1454
1452 1455
1452 1456
1452 1457
1452 1459
1452 1460
1452 1461
1452 1462
1452 1463
1452 1464
1452 1465
1452 1466
1452 1468
1452 1470
1452 1471
1452 1472
1452 1473
1452 1474
1453 1454
1453 1456
1453 1459
1453 1460
1453 1461
1453 1462
1453 1463
1453 1464
1453 1466
1453 1467
1453 1468
1453 1470
1453 1472
1453 1473
1453 1474
1454 1455
1454 1456
1454 1457
1454 1458
1454 1459
1454 1461
1454 1462
1454 1463
1454 1464
1454 1466
1454 1467
1454 1469
1454 1470
1454 1472
1454 1473
1455 1456
1455 1459
1455 1461
1455 1464
1455 1467
1455 1469
1455 1470
1455 1471
1455 1472
1455 1473
1455 1474
1456 1457
1456 1460
1456 1462
1456 1463
1456 1464
1456 1465
1456 1467
1456 1468
1456 1470
1456 1472
1456 1473
1457 1458
1457 1459
1457 1461
1457 1462
1457 1463
1457 1464
1457 1465
1457 1466
1457 1467
1457 1468
1457 1469
1457 1470
1457 1472
1457 1473
1458 1459
1458 1460
1458 1461
1458 1462
1458 1463
1458 1464
1458 1465
1458 1467
1458 1468
1458 1470
1458 1471
1458 1473
1459 1460
1459 1461
1459 1464
1459 1468
1459 1469
1459 1470
1459 1471
1459 1473
1459 1474
1460 1461
1460 1462
1460 1463
1460 1466
1460 1467
1460 1468
1460 1470
1460 1471
1460 1472
1460 1473
1460 1474
1461 1462
1461 1466
1461 1467
1461 1468
1461 1469
1461 1470
1461 1474
1462 1466
1462 1467
1462 1468
1462 1470
1462 1471
1462 1474
1463 1467
1463 1469
1463 1470
1463 1472
1463 1473
1464 1466
1464 1467
1464 1468
1464 1469
1464 1470
1465 1466
1465 1467
1465 1468
1465 1469
1465 1470
1465 1471
1465 1472
1466 1469
1466 1470
1466 1473
1467 1468
1467 1469
1467 1470
1467 1471
1467 1472
1467 1473
1467 1474
1468 1471
1468 1472
1468 1473
1468 1474
1469 1470
1469 1473
1469 1474
1470 1471
1470 1473
1471 1472
1471 1474
1472 1473
1472 1474
1475 1476
1475 1477
1475 1479
1475 1480
1475 1481
1475 1483
1475 1484
1475 1485
1475 1487
1475 1488
1475 1489
1475 1490
1475 1494
1475 1495
1475 1497
1475 1499
1476 1478
1476 1479
1476 1481
1476 1482
1476 1483
1476 1484
1476 1485
1476 1487
1476 1488
1476 1489
1476 1490
1476 1492
1476 1493
1476 1494
1476 1495
1476 1496
1477 1478
1477 1479
1477 1480
1477 1482
1477 1483
1477 1484
1477 1485
1477 1486
1477 1487
1477 1488
1477 1489
1477 1491
1477 1492
1477 1493
1477 1494
1477 1495
1477 1497
1477 1498
1477 1499
1478 1479
1478 1480
1478 1481
1478 1482
1478 1483
1478 1486
1478 1487
1478 1488
1478 1489
1478 1492
1478 1493
1478 1494
1478 1498
1478 1499
1479 1481
1479 1482
1479 1483
1479 1485
1479 1486
1479 1487
1479 1488
1479 1489
1479 1490
1479 1491
1479 1492
1479 1495
1479 1496
1479 1498
1480 1481
1480 1482
1480 1483
1480 1484
1480 1485
1480 1488
1480 1489
1480 1490
1480 1491
1480 1492
1480 1495
1480 1496
1480 1497
1481 1482
1481 1483
1481 1485
1481 1486
1481 1487
1481 1488
1481 1489
1481 1490
1481 1491
1481 1493
1481 1494
1481 1495
1481 1496
1481 1497
1481 1498
1482 1486
1482 1487
1482 1488
1482 1490
1482 1491
1482 1492
1482 1493
1482 1495
1482 1496
1482 1497
1482 1498
1483 1484
1483 1486
1483 1487
1483 1488
1483 1490
1483 1492
1483 1493
1483 1496
1483 1498
1483 1499
1484 1487
1484 1488
1484 1490
1484 1491
1484 1494
1484 1495
1484 1497
1484 1499
1485 1487
1485 1488
1485 1489
1485 1490
1485 1491
1485 1492
1485 1493
1485 1494
1485 1495
1485 1497
1485 1498
1485 1499
1486 1487
1486 1488
1486 1489
1486 1490
1486 1492
1486 1494
1486 1495
1486 1496
1486 1497
1486 1499
1487 1488
1487 1489
1487 1494
1487 1495
1487 1496
1487 1497
1487 1498
1488 1489
1488 1490
1488 1491
1488 1492
1488 1493
1488 1497
1488 1499
1489 1490
1489 1491
1489 1493
1489 1494
1489 1495
1489 1497
1489 1499
1490 1491
1490 1495
1490 1496
1490 1497
1490 1499
1491 1492
1491 1494
1491 1496
1491 1497
1491 1498
1492 1493
1492 1496
1492 1497
1492 1498
1493 1494
1493 1495
1493 1496
1493 1498
1493 1499
1494 1495
1494 1496
1494 1497
1495 1496
1495 1497
1495 1498
1496 1498
1496 1499
1497 1498
1447 626
1390 878
232 101
829 823
746 29
872 471
1352 1021
1362 1215
802 1353
884 441
487 1154
149 902
111 1300
1471 284
1253 657
1125 1415
818 1218
335 303
158 1209
1122 1424
486 45
573 1104
1195 626
1224 87
1030 1421
1446 163
908 1093
1428 802
38 1474
1451 1416
473 300
949 1376
748 885
766 1212
1457 61
1307 383
735 1311
710 335
515 553
534 622
1271 1036
914 397
999 429
531 594
1448 1238
182 813
857 1343
903 1259
697 1435
633 1165
1061 874
410 896
1121 1487
20 464
711 364
467 359
1436 1250
1045 1239
671 571
1190 1060
386 764
552 750
1127 301
733 520
1392 110
116 39
443 1190
631 66
445 604
1299 1278
1381 1191
1068 471
468 1281
289 83
1242 1212
935 42
471 373
609 212
296 871
1114 188
43 159
202 874
636 320
84 696
900 1360
1299 108
694 956
998 721
340 1470
1399 753
66 211
664 1163
1221 75
1062 675
678 282
1333 166
557 1233
1082 158
1404 1108
815 1200
385 1355
1435 473
496 983
285 1413
1337 355
76 1237
247 30
1012 735
1480 873
503 331
1315 426
635 301
1263 1367
465 618
786 299
405 961
491 1218
1111 1036
1055 440
786 450
343 32
274 1026
424 1260
20 1387
1386 169
941 1084
623 532
132 875
1002 1468
712 734
395 426
1082 1152
1472 479
851 271
671 397
839 156
742 656
399 1088
703 1301
1457 550
1002 1492
633 384
18 1258
745 17
8 120
1096 1429
904 203
930 1046
773 1186
803 1278
269 734
960 1337
790 1092
156 523
1189 1156
584 1336
816 396
360 1231
664 1051
44 1383
940 200
1064 1263
800 845
180 746
121 900
1315 1151
1061 1050
231 1277
474 1101
257 1364
93 54
901 1348
674 813
1263 1393
648 1475
682 435
910 1372
521 71
450 1118
812 403
1373 943
1060 1247
1036 764
1116 129
741 1414
852 1397
269 555
215 162
1421 148
196 206
30 1168
1356 625
1029 1321
1254 655
480 122
714 795
247 722
1432 805
138 127
1079 545
1130 1236
231 1133
891 533
291 441
890 321
299 1328
381 548
652 612
965 1484
643 1081
807 335
518 601
976 1377
763 650
683 76
1298 42
1417 721
505 586
216 787
723 556
668 538
1030 1
214 1432
1350 143
1251 939
1128 1123
81 961
351 929
868 1382
400 940
302 390
555 71
510 1451
1304 1200
997 38
234 665
1275 70
852 1278
1403 1244
687 179
49 553
1454 464
1364 24
1108 662
411 160
14 947
1136 755
301 882
61 436
1386 333
1464 467
565 1128
1465 570
1338 1060
405 753
1350 340
920 308
618 227
356 1082
430 1142
27 302
1170 28
1400 703
1293 602
148 1021
1228 497
475 1078
88 1324
23 660
521 729
1478 1339
919 135
1293 788
1069 1089
741 141
302 1123
1244 84
215 1052
578 1220
573 625
1082 214
1211 1401
638 1451
1438 280
115 443
80 335
1115 1431
1175 602
289 240
1232 573
145 1420
573 350
1414 507
1220 1430
717 1398
520 653
521 1068
1096 325
368 969
1390 71
